title,desc,soldprice,solddate,bids,thumbnail
Canon EOS M50 Mirrorless Digital 4K Vlogging Camera with Dual Pixel CMOS,Brand New 路 Canon EOS M 路 Mirrorless Interchangeable Lens,6042253.52,"Feb 9, 2021",11.0,https://i.ebayimg.com/thumbs/images/g/HSEAAOSwdKhgDFHH/s-l225.webp
"canon eos m50 mirrorless camera & 15-45, 50-200mm & 22mm & viltrox speedbooster",Pre-Owned 路 Mirrorless Interchangeable Lens 路 Canon EOS M,16322028.17,"Feb 9, 2021",5.0,https://i.ebayimg.com/thumbs/images/g/IPIAAOSwRJ1gGXZd/s-l225.webp
Canon EOS M50 24.1MP Mirrorless Camera - Black (EF-M 15-45mm...,Pre-Owned 路 Canon EOS M 路 Mirrorless Interchangeable Lens,8028169.01,"Feb 9, 2021",N/A,https://i.ebayimg.com/thumbs/images/g/gAoAAOSwww5gISDk/s-l225.webp
Canon EOS M50 with 15-45mm Lens,Pre-Owned 路 Canon 路 Mirrorless Interchangeable Lens,7181450.7,"Feb 9, 2021",13.0,https://i.ebayimg.com/thumbs/images/g/3IYAAOSwtnpgHpTv/s-l225.webp
Canon EOS M50 DIGITAL Camera with 4K Video - Single Kit 15-45mm IS STM LENS,Brand New 路 Samsung 路 Compact,8650383.8,"Feb 8, 2021",N/A,https://i.ebayimg.com/thumbs/images/g/58AAAOSwXwhgHQOW/s-l225.webp
Canon EOS M50 24.1MP Mirrorless Digital Camera with 15-45mm STM Lens - Black,Pre-Owned 路 Canon EOS M 路 Mirrorless Interchangeable Lens,7309859.15,"Feb 8, 2021",N/A,https://i.ebayimg.com/thumbs/images/g/RKsAAOSwyWdgIcjn/s-l225.webp
Canon EOS M50 24.1MP DSLR Camera with EF-M 15-45mm f/3.5-6.3 IS STM Lens-S,Pre-Owned 路 Canon,9371302.82,"Feb 8, 2021",N/A,https://i.ebayimg.com/thumbs/images/g/TVQAAOSwM65gIA9z/s-l225.webp
Canon EOS M50 Camera Body Black + 3 Lens Kit 15-45mm IS STM+ 32GB + Flash & More,4K - Wi-Fi / NFC & Bluetooth! - Vari-Angle Touchscreen,9858450.7,"Feb 8, 2021",N/A,https://i.ebayimg.com/thumbs/images/g/0MAAAOSwZGld0v8f/s-l225.webp
"Canon EOS M50 Body, Like New!",Pre-Owned 路 Canon,7667429.58,"Feb 8, 2021",N/A,https://i.ebayimg.com/thumbs/images/g/lRUAAOSw6Z5gIDPp/s-l225.webp
Canon EOS M50 Mirrorless Digital 4K Vlogging Camera with Dual Pixel CMOS,Brand New 路 Canon EOS M 路 Mirrorless Interchangeable Lens,6084507.04,"Feb 7, 2021",13.0,https://i.ebayimg.com/thumbs/images/g/HSEAAOSwdKhgDFHH/s-l225.webp
Canon EOS M50 24.1MP Mirrorless Digital Camera Bundle Lenses 22mm & 14-45mm Lens,Pre-Owned 路 Canon EOS M 路 Mirrorless Interchangeable Lens,8035352.11,"Feb 7, 2021",23.0,https://i.ebayimg.com/thumbs/images/g/1QYAAOSwcqxgGbhY/s-l225.webp
Canon EOS M50 24.1MP DSLR Camera with EF-M 15-45mm f/3.5-6.3 IS STM Lens,Brand New 路 Canon,9183876.76,"Feb 7, 2021",N/A,https://i.ebayimg.com/thumbs/images/g/EMQAAOSwnjtgH-EX/s-l225.webp
Canon EOS M50 24.1MP Mirrorless Digital Camera with 15-45mm STM Lens - Black,Pre-Owned 路 Canon EOS M 路 Mirrorless Interchangeable Lens,7394366.2,"Feb 7, 2021",N/A,https://i.ebayimg.com/thumbs/images/g/zQgAAOSwl8pgH23C/s-l225.webp
"Canon EOS M50, Canon Refurbished, LENSE NOT INCLUDED ",Open Box 路 Canon EOS M 路 Mirrorless Interchangeable Lens,6816901.41,"Feb 7, 2021",N/A,https://i.ebayimg.com/thumbs/images/g/WEYAAOSweHpgDxkz/s-l225.webp
Canon EOS M50 24.1MP DSLR Camera White with EF-M 22mm f/2 STM,Pre-Owned 路 Canon,6065788.73,"Feb 7, 2021",22.0,https://i.ebayimg.com/thumbs/images/g/9VYAAOSwQpZgFrmh/s-l225.webp
Canon EOS M50 Kit + EF-M 15-45mm IS STM Set Travelkit With Accessory Pack NEW & OVP,Brand New 路 Canon,8843102.11,"Feb 7, 2021",N/A,https://i.ebayimg.com/thumbs/images/g/sacAAOSwqJtf-NJT/s-l225.webp
Canon EOS M50 (15-45mm) Mirrorless Camera,Brand New 路 Canon 路 Mirrorless Interchangeable Lens,9671564.32,"Feb 7, 2021",N/A,https://i.ebayimg.com/thumbs/images/g/4DsAAOSwGmlgHGxC/s-l225.webp
Canon EOS M50 Camera Body White + 3 Lens Kit 15-45mm IS STM+ 32GB + Flash & More,4K - Wi-Fi / NFC & Bluetooth! - Vari-Angle Touchscreen,9999295.77,"Feb 7, 2021",N/A,https://i.ebayimg.com/thumbs/images/g/tXsAAOSwmvpcU28x/s-l225.webp
Canon EOS M50 Mirrorless Digital Camera with 15-45mm STM Lens Black+ 32GB Bundle,4K - Wi-Fi / NFC & Bluetooth! - Vari-Angle Touchscreen,9506338.03,"Feb 7, 2021",N/A,https://i.ebayimg.com/thumbs/images/g/op4AAOSwBmJccCmS/s-l225.webp
Canon EOS M50 Mirrorless Digital Camera with 15-45mm Lens - Black,New (Other) 路 Mirrorless Interchangeable Lens 路 Canon EOS,9521183.1,"Feb 6, 2021",N/A,https://i.ebayimg.com/thumbs/images/g/zQYAAOSwJy5gHljf/s-l225.webp
Canon EOS M50 Mirrorless Digital Camera with 15-45mm And 22mm F2 Pancake Lens,Pre-Owned 路 Mirrorless Interchangeable Lens 路 Canon EOS M,11725434.14,"Feb 6, 2021",7.0,https://i.ebayimg.com/thumbs/images/g/-6oAAOSwYcJgFLNj/s-l225.webp
Canon EOS M50 Mirrorless Digital Camera with 15-45mm ,Pre-Owned 路 Mirrorless Interchangeable Lens,13504535.21,"Feb 6, 2021",N/A,https://i.ebayimg.com/thumbs/images/g/Me0AAOSwTx5gHH4G/s-l225.webp
Canon EOS M50 24MP + Speed Booster (EF-EOS M2),Pre-Owned 路 Canon,8604559.86,"Feb 6, 2021",N/A,https://i.ebayimg.com/thumbs/images/g/mEkAAOSwdkVgGutB/s-l225.webp
Canon EOS M50 Mirrorless Digital Camera - Black with 15-45mm Lens,Pre-Owned 路 Canon EOS M 路 Mirrorless Interchangeable Lens,7323943.66,"Feb 5, 2021",N/A,https://i.ebayimg.com/thumbs/images/g/Uu4AAOSwsxxgHhZF/s-l225.webp
canon eos m50 mirrorless camera bundle,Pre-Owned 路 Canon EOS M 路 Mirrorless Interchangeable Lens,10704225.35,"Feb 5, 2021",2.0,https://i.ebayimg.com/thumbs/images/g/nu0AAOSwK21gFKlk/s-l225.webp
Canon EOS M50 Mirrorless Digital Camera w. 15-45mm STM Lens + Extras,Pre-Owned 路 Canon EOS M 路 Mirrorless Interchangeable Lens,8524788.73,"Feb 5, 2021",32.0,https://i.ebayimg.com/thumbs/images/g/ResAAOSwc2NgFDtE/s-l225.webp
Canon EOS M50 Mark II 24.1 MP Mirrorless Digital SLR Camera - Black (Body ) + ,Open Box 路 Canon EOS 路 Digital SLR,7028169.01,"Feb 5, 2021",N/A,https://i.ebayimg.com/thumbs/images/g/JpcAAOSwcChgDhRH/s-l225.webp
Canon EOS M50 Mirrorless 24.1MP Compact System With 15-45mm Lens - pls read,New (Other) 路 Mirrorless Interchangeable Lens 路 Canon EOS,10162405.63,"Feb 5, 2021",12.0,https://i.ebayimg.com/thumbs/images/g/5xIAAOSwLPJgGO2S/s-l225.webp
Canon EOS M50 Body,Brand New 路 Canon,8672714.79,"Feb 5, 2021",N/A,https://i.ebayimg.com/thumbs/images/g/Bc4AAOSwOkVf9GSe/s-l225.webp
Canon EOS M50 Mirroless Camera with 4K Video - Single Kit 15-45mm IS STM LENS,Brand New 路 Canon 路 Mirrorless Interchangeable Lens,8650383.8,"Feb 5, 2021",N/A,https://i.ebayimg.com/thumbs/images/g/2ZAAAOSwGGFgCWLx/s-l225.webp
Canon EOS M50 Mirroless Camera with 4K Video - Single Kit 15-45mm IS STM LENS,Brand New 路 Canon 路 Mirrorless Interchangeable Lens,8650383.8,"Feb 4, 2021",N/A,https://i.ebayimg.com/thumbs/images/g/2ZAAAOSwGGFgCWLx/s-l225.webp
CANON EOS M50 Mirrorless Digital Camera EF-M 15-45mm IS STM Kit Black,Pre-Owned 路 Canon EOS 路 Mirrorless Interchangeable Lens,8028169.01,"Feb 4, 2021",N/A,https://i.ebayimg.com/thumbs/images/g/WbAAAOSw1tRgD4Jj/s-l225.webp
Canon EOS M50 Mirrorless Digital Camera w. 15-45mm STM Lens + Extras,This camera never used. In open box with manuals,6830985.92,"Feb 4, 2021",N/A,https://i.ebayimg.com/thumbs/images/g/3EgAAOSwbOVexNS0/s-l225.webp
Canon EOS M50 24.1MP Mirrorless Digital Camera with 15-45mm STM Lens - Black,Pre-Owned 路 Canon EOS M 路 Mirrorless Interchangeable Lens,6901408.45,"Feb 4, 2021",N/A,https://i.ebayimg.com/thumbs/images/g/WTcAAOSwCxtfqInA/s-l225.webp
canon m50,Open Box 路 Mirrorless Interchangeable Lens,6971830.99,"Feb 3, 2021",26.0,https://i.ebayimg.com/thumbs/images/g/z9cAAOSw1zlgEmIp/s-l225.webp
Canon EOS M50 Mirrorless 24.1MP Digital Camera Body White,4K - Wi-Fi / NFC & Bluetooth! - Vari-Angle Touchscreen,7886619.72,"Feb 3, 2021",N/A,https://i.ebayimg.com/thumbs/images/g/zg0AAOSwMtVfT9wy/s-l225.webp
Canon EOS M50 mirrorless digital camera with 15-45mm Lens Video Creator Kit,Pre-Owned 路 Canon EOS M 路 Mirrorless Interchangeable Lens,7323943.66,"Feb 3, 2021",32.0,https://i.ebayimg.com/thumbs/images/g/D2QAAOSwnKxgEfUu/s-l225.webp
Canon EOS M50 Mirrorless Digital Camera with 15-45mm EF-M IS STM Lens Black,4K - Wi-Fi / NFC & Bluetooth! - Vari-Angle Touchscreen,9013380.28,"Feb 3, 2021",N/A,https://i.ebayimg.com/thumbs/images/g/ImwAAOSw1Fda0L3t/s-l225.webp
"Canon EOS M50 Mark II Camera with 15-45mm STM Lens, + 128GB Card,(24PC Bundle)",Brand New 路 Canon EOS M 路 Mirrorless Interchangeable Lens,12661971.83,"Feb 3, 2021",N/A,https://i.ebayimg.com/thumbs/images/g/E9UAAOSwvPpgEdF~/s-l225.webp
Canon EOS M50 Mirrorless Camera w/ EF-M15-45mm and EF-M 55-200mm & many extras,Pre-Owned 路 Canon EOS M 路 Mirrorless Interchangeable Lens,10140845.07,"Feb 3, 2021",7.0,https://i.ebayimg.com/thumbs/images/g/KCEAAOSwy2tgDJPb/s-l225.webp
Canon EOS M50 Mirrorless Digital Camera with 15-45mm STM Lens Black + 16GB Kit,4K - Wi-Fi / NFC & Bluetooth! - Vari-Angle Touchscreen,9295070.42,"Feb 2, 2021",N/A,https://i.ebayimg.com/thumbs/images/g/zToAAOSw1LRa0Nih/s-l225.webp
"Canon EOS M50 (White) Camera with 15-45mm STM Lens, + 32GB Card,(18PC Bundle)",Brand New 路 Canon EOS M 路 Mirrorless Interchangeable Lens,9563380.28,"Feb 2, 2021",N/A,https://i.ebayimg.com/thumbs/images/g/McEAAOSwy79f0Zvg/s-l225.webp
Canon EOS M50 Mirrorless Digital Camera With 15-45mm Lens,Brand New 路 Canon EOS M 路 Mirrorless Interchangeable Lens,8169014.08,"Feb 2, 2021",N/A,https://i.ebayimg.com/thumbs/images/g/qb0AAOSwPKpgB1CO/s-l225.webp
Canon EOS M50 Mirrorless Digital Camera with 15-45mm Lens - Black (2680C011),New (Other) 路 Mirrorless Interchangeable Lens 路 Canon EOS,12824450.7,"Feb 2, 2021",9.0,https://i.ebayimg.com/thumbs/images/g/d1AAAOSwzu9gEKqk/s-l225.webp
Canon EOS M50 24.1MP Mirrorless with 15-45mm STM Lens-Black [PRISTINE QUALITY],Open Box 路 Canon EOS M 路 Mirrorless Interchangeable Lens,7549295.77,"Feb 2, 2021",14.0,https://i.ebayimg.com/thumbs/images/g/xzUAAOSw4wdgEDne/s-l225.webp
"Canon EOS M50 Mirrorless Camera Body - Black, Great Condition",Pre-Owned 路 Canon EOS M 路 Mirrorless Interchangeable Lens,7450704.23,"Feb 2, 2021",N/A,https://i.ebayimg.com/thumbs/images/g/zEoAAOSwcM5gFInk/s-l225.webp
CANON EOS M50 Mirrorless Digital Camera EF-M 15-45mm IS STM Kit Black,Pre-Owned 路 Canon EOS 路 Mirrorless Interchangeable Lens,8028169.01,"Feb 1, 2021",25.0,https://i.ebayimg.com/thumbs/images/g/WbAAAOSw1tRgD4Jj/s-l225.webp
"Canon EOS M50 BODY, A-Condition!",Pre-Owned 路 Canon,7667429.58,"Feb 1, 2021",N/A,https://i.ebayimg.com/thumbs/images/g/qP4AAOSwPv9gGGcs/s-l225.webp
Canon EOS M50 Mirrorless Digital Camera + 15-45mm Lens White 24GB Accessory Kit,Brand New 路 Canon EOS 路 Mirrorless Interchangeable Lens,9323802.82,"Feb 1, 2021",N/A,https://i.ebayimg.com/thumbs/images/g/PnoAAOSwaL5e2Tr2/s-l225.webp
Canon EOS M50 24.1MP Mirrorless Digital Camera with 15-45mm STM Lens - Black,Pre-Owned 路 Canon EOS M 路 Mirrorless Interchangeable Lens,7746478.87,"Jan 31, 2021",18.0,https://i.ebayimg.com/thumbs/images/g/5dgAAOSw1u5gDmMJ/s-l225.webp
Canon EOS M50 Mirroless Camera with 4K Video - Single Kit 15-45mm IS STM LENS,Brand New 路 Canon 路 Mirrorless Interchangeable Lens,8650383.8,"Jan 31, 2021",N/A,https://i.ebayimg.com/thumbs/images/g/2ZAAAOSwGGFgCWLx/s-l225.webp
Canon EOS M50 Mirrorless Camera Body - Black - Near Mint Condition,Pre-Owned 路 Canon EOS M 路 Mirrorless Interchangeable Lens,5563380.28,"Jan 31, 2021",N/A,https://i.ebayimg.com/thumbs/images/g/JtEAAOSwa4hgFxxt/s-l225.webp
Canon EOS M50 Mirrorless Digital Camera - Black,Pre-Owned 路 Mirrorless Interchangeable Lens 路 Canon EOS,8938059.21,"Jan 31, 2021",N/A,https://i.ebayimg.com/thumbs/images/g/XQsAAOSweylgDvCP/s-l225.webp
Canon EOS M50 bundle +16mm F/1.4 Sigma +15-45mm +Viltrox EF Speedbooster +More,Pre-Owned 路 Canon EOS M 路 Mirrorless Interchangeable Lens,10704225.35,"Jan 31, 2021",12.0,https://i.ebayimg.com/thumbs/images/g/iKMAAOSwbLlgDcoL/s-l225.webp
Canon EOS M50 24.1MP Mirrorless Digital Camera with 15-45mm STM Lens - Black,Open Box 路 Canon EOS 路 Mirrorless Interchangeable Lens,7464788.73,"Jan 31, 2021",23.0,https://i.ebayimg.com/thumbs/images/g/fqsAAOSwdhJgDb4S/s-l225.webp
Canon EOS m50 + EF-M 15-45mm f3.5-6.3 is STM,New (Other),8059320.42,"Jan 31, 2021",20.0,https://i.ebayimg.com/thumbs/images/g/qsUAAOSwUbJgEGKa/s-l225.webp
Canon EOS M50 with EF-M 15-45mm f/3.5-6.3 IS STM Lens - 22 months Warranty!,Pre-Owned 路 Canon,7650390.85,"Jan 31, 2021",N/A,https://i.ebayimg.com/thumbs/images/g/iLAAAOSwBkBgFekg/s-l225.webp
Canon EOS M50 Mirrorless Camera,Pre-Owned 路 Mirrorless Interchangeable Lens 路 Canon EOS,9696061.97,"Jan 31, 2021",N/A,https://i.ebayimg.com/thumbs/images/g/cCcAAOSwI2JgBFKy/s-l225.webp
Canon EOS M50 24.1MP Mirrorless Digital Camera with 15-45mm STM Lens 4k Video,Pre-Owned 路 Canon EOS M 路 Mirrorless Interchangeable Lens,7323802.82,"Jan 31, 2021",N/A,https://i.ebayimg.com/thumbs/images/g/E-MAAOSwHbVgDZEf/s-l225.webp
Canon EOS M50 Mirrorless 24.1MP Digital Camera Body Black,4K - Wi-Fi / NFC & Bluetooth! - Vari-Angle Touchscreen,7675352.11,"Jan 30, 2021",N/A,https://i.ebayimg.com/thumbs/images/g/qqoAAOSw-4RfT9ue/s-l225.webp
Canon EOS M50 24.1MP Mirrorless Digital Camera with 15-45mm STM Lens - Black,Open Box 路 Canon EOS M 路 Mirrorless Interchangeable Lens,7746478.87,"Jan 30, 2021",N/A,https://i.ebayimg.com/thumbs/images/g/3EgAAOSwbOVexNS0/s-l225.webp
NEW. Canon EOS M50 4K + 15-45mm Lens + 64gb.  Warranty - Next Day UK Delivery,Brand New 路 Mirrorless Interchangeable Lens 路 Canon EOS,12027780.28,"Jan 30, 2021",N/A,https://i.ebayimg.com/thumbs/images/g/UasAAOSwz-Be8nTV/s-l225.webp
"Canon EOS M50 Mark II Camera with 15-45mm STM Lens, + 64GB Card,(18PC Bundle)",Brand New 路 Canon EOS M 路 Mirrorless Interchangeable Lens,11957746.48,"Jan 30, 2021",N/A,https://i.ebayimg.com/thumbs/images/g/USEAAOSwIzBgEeCP/s-l225.webp
Canon EOS M50 Mirrorless Digital Camera with 15-45mm Lens - Black (2680C011),Pre-Owned 路 Mirrorless Interchangeable Lens 路 Canon EOS,7772394.37,"Jan 30, 2021",N/A,https://i.ebayimg.com/thumbs/images/g/UTgAAOSw5iJgFRaU/s-l225.webp
Canon EOS M50 24.1MP DSLR Camera with EF-M 15-45mm f/3.5-6.3 IS STM Lens,Brand New 路 Canon,9507612.68,"Jan 30, 2021",16.0,https://i.ebayimg.com/thumbs/images/g/Rn0AAOSwMb5gDUiR/s-l225.webp
Canon EOS M50 15-45mm STM Kit + Extras,Pre-Owned 路 Canon EOS M 路 Mirrorless Interchangeable Lens,8591549.3,"Jan 29, 2021",N/A,https://i.ebayimg.com/thumbs/images/g/idwAAOSwEIxgEgpQ/s-l225.webp
Canon M50 with Canon 22mm f2 STM 24.1MP and charger used 4K Video,Pre-Owned 路 Canon EOS 路 Digital SLR,8169014.08,"Jan 29, 2021",10.0,https://i.ebayimg.com/thumbs/images/g/mTUAAOSwjDtgC45Q/s-l225.webp
Canon EOS M50 24.1MP Mirrorless Digital Camera with 15-45mm STM Lens - Black,Pre-Owned 路 Canon EOS M 路 Mirrorless Interchangeable Lens,7676056.34,"Jan 29, 2021",N/A,https://i.ebayimg.com/thumbs/images/g/43oAAOSwprlgE7Mc/s-l225.webp
Canon EOS M50 Mirroless Camera with 4K Video - Single Kit 15-45mm IS STM LENS,Brand New 路 Canon 路 Mirrorless Interchangeable Lens,8650383.8,"Jan 29, 2021",N/A,https://i.ebayimg.com/thumbs/images/g/2ZAAAOSwGGFgCWLx/s-l225.webp
Canon EOS M50 Mirrorless Digital Camera with 15-45mm Lens - Black (2680C011),New (Other) 路 Mirrorless Interchangeable Lens 路 Canon EOS,11367126.76,"Jan 29, 2021",N/A,https://i.ebayimg.com/thumbs/images/g/UFsAAOSwLIhgEwTM/s-l225.webp
"Canon EOS M50 Mirrorless Vlogging Camera Kit with EF-M 15-45mm Lens, Black",Pre-Owned 路 Canon EOS 路 Mirrorless Interchangeable Lens,7323943.66,"Jan 28, 2021",N/A,https://i.ebayimg.com/thumbs/images/g/-~sAAOSwLlVgE2Rm/s-l225.webp
Canon EOS M50 Mirrorless Digital Camera with 15-45mm Lens - Black (2680C011),Pre-Owned 路 Mirrorless Interchangeable Lens 路 Canon EOS,9521183.1,"Jan 28, 2021",5.0,https://i.ebayimg.com/thumbs/images/g/S4gAAOSwuQpgEpKV/s-l225.webp
 Canon EOS M50 Mirrorless EF-M APS-C Camera - Black (Body Only) New,Brand New 路 Canon EOS M 路 Mirrorless Interchangeable Lens,7450704.23,"Jan 28, 2021",N/A,https://i.ebayimg.com/thumbs/images/g/njAAAOSwVrNf0DtW/s-l225.webp
 Canon EOS M50 Mirrorless EF-M APS-C Camera - Black (Body Only) New,Brand New 路 Canon EOS M 路 Mirrorless Interchangeable Lens,7450704.23,"Jan 28, 2021",N/A,https://i.ebayimg.com/thumbs/images/g/njAAAOSwVrNf0DtW/s-l225.webp
Canon EOS M50 + EF-M 18-150mm kit,Brand New 路 Compact,13601495.83,"Jan 28, 2021",N/A,https://i.ebayimg.com/thumbs/images/g/zFAAAOSwsSlfyqTs/s-l225.webp
Canon EOS M50 Mirrorless Camera w/ EF-M15-45mm and EF-M 55-200mm & many extras,Pre-Owned 路 Canon EOS M 路 Mirrorless Interchangeable Lens,9859154.93,"Jan 28, 2021",2.0,https://i.ebayimg.com/thumbs/images/g/KCEAAOSwy2tgDJPb/s-l225.webp
Canon EOS M50 Mirrorless Digital Camera with 15-45mm Lens (Black),New (Other) 路 Mirrorless Interchangeable Lens 路 Canon EOS,10687042.25,"Jan 28, 2021",N/A,https://i.ebayimg.com/thumbs/images/g/drkAAOSwLyBgA0aw/s-l225.webp
Canon EOS M50 24.1MP DSLR Camera with EF-M 15-45mm f/3.5-6.3 IS STM Lens...,Pre-Owned 路 Canon,6849570.42,"Jan 28, 2021",46.0,https://i.ebayimg.com/thumbs/images/g/TMAAAOSw5-ZgDnmf/s-l225.webp
Canon M50 Mirrorless Camera w/ 15-45mm STM Lens And Canon EF-EOS Lens Adapter,Pre-Owned 路 Canon EOS M 路 Mirrorless Interchangeable Lens,7745774.65,"Jan 27, 2021",N/A,https://i.ebayimg.com/thumbs/images/g/swgAAOSw41xgCPl8/s-l225.webp
"Canon EOS M50 Mirrorless Camera Body - Black, Great Condition",Pre-Owned 路 Canon EOS M 路 Mirrorless Interchangeable Lens,6338028.17,"Jan 27, 2021",N/A,https://i.ebayimg.com/thumbs/images/g/6FYAAOSwFYle2rqB/s-l225.webp
Canon EOS M50 Mirrorless Digital Camera with 15-45mm Lens - Black (2680C011),Pre-Owned 路 Mirrorless Interchangeable Lens 路 Canon EOS,11658591.55,"Jan 27, 2021",N/A,https://i.ebayimg.com/thumbs/images/g/8lwAAOSw~-dgEdtT/s-l225.webp
"Evil-camera canon EOS m50, 24.1 mp","CMOS sensor, 4k, wi-fi, bluetooth + EF-m 15-45 is stm",8877009.2,"Jan 27, 2021",N/A,https://i.ebayimg.com/thumbs/images/g/AIcAAOSwHihf1nCk/s-l225.webp
"Canon EOS M50 Mirrorless Vlogging Camera Kit with EF-M 15-45mm Lens, Black",Brand New 路 Canon EOS M 路 Mirrorless Interchangeable Lens,8872535.21,"Jan 27, 2021",N/A,https://i.ebayimg.com/thumbs/images/g/M2AAAOSwWSxf4Ql~/s-l225.webp
Canon EOS M50 Mirrorless Camera Body w/ Battey and Charger - Black,Brand New 路 Canon EOS M 路 Mirrorless Interchangeable Lens,6563380.28,"Jan 27, 2021",2.0,https://i.ebayimg.com/thumbs/images/g/vaYAAOSwNO1f97mM/s-l225.webp
Canon EOS M50 with EF-M 15-45 IS STM & EF-M 22mm f/2,Pre-Owned 路 Canon,8178591.55,"Jan 27, 2021",N/A,https://i.ebayimg.com/thumbs/images/g/HjIAAOSwp3RgBC2a/s-l225.webp
Canon EOS M50 24.1 MP Mirrorless APS-C Digital SLR Camera Body Black,Pre-Owned 路 Canon EOS M 路 Mirrorless Interchangeable Lens,7040985.92,"Jan 26, 2021",N/A,https://i.ebayimg.com/thumbs/images/g/xYwAAOSwSN9gDJnJ/s-l225.webp
Canon EOS M50 Mirrorless Digital Camera with 15-45mm Lens - Black!,Pre-Owned 路 Mirrorless Interchangeable Lens 路 Canon EOS,10473301.41,"Jan 26, 2021",N/A,https://i.ebayimg.com/thumbs/images/g/-98AAOSwaQdfs9X2/s-l225.webp
Canon EOS M50 Mirrorless Digital Camera with 15-45mm Lens - Black,Pre-Owned 路 Mirrorless Interchangeable Lens 路 Canon EOS,10278991.55,"Jan 26, 2021",N/A,https://i.ebayimg.com/thumbs/images/g/-98AAOSwaQdfs9X2/s-l225.webp
Canon EOS M50 24.1MP Mirrorless Digital Camera with 15-45mm STM Lens - Black,Brand New 路 Canon EOS M 路 Mirrorless Interchangeable Lens,7605633.8,"Jan 26, 2021",19.0,https://i.ebayimg.com/thumbs/images/g/3EgAAOSwbOVexNS0/s-l225.webp
Canon EOS M50 Mirrorless Digital Camera with 15-45mm Lens - Black (2680C011),New (Other) 路 Mirrorless Interchangeable Lens 路 Canon EOS,9618338.03,"Jan 25, 2021",N/A,https://i.ebayimg.com/thumbs/images/g/82EAAOSwzkVgD1AJ/s-l225.webp
Canon EOS M50 24.1MP Mirrorless Digital Camera with 15-45mm STM Lens - Black,Pre-Owned 路 Canon EOS M 路 Mirrorless Interchangeable Lens,8732394.37,"Jan 25, 2021",34.0,https://i.ebayimg.com/thumbs/images/g/RpwAAOSw6vpgBiH3/s-l225.webp
Canon EOS M50 Mirrorless Digital Camera with 15-45mm Lens & 55-200mm Lens,New (Other) 路 Mirrorless Interchangeable Lens 路 Canon EOS,13601690.14,"Jan 25, 2021",N/A,https://i.ebayimg.com/thumbs/images/g/GIAAAOSwFERgDEMc/s-l225.webp
 Canon EOS M50 Mirrorless EF-M APS-C Camera - Black (Body Only) New,Brand New 路 Canon EOS M 路 Mirrorless Interchangeable Lens,7450704.23,"Jan 25, 2021",N/A,https://i.ebayimg.com/thumbs/images/g/njAAAOSwVrNf0DtW/s-l225.webp
Canon EOS M50 Body + Canon EF-M to Canon EF,Pre-Owned 路 Canon,7991165.49,"Jan 25, 2021",N/A,https://i.ebayimg.com/thumbs/images/g/lpwAAOSwyqNgB2PW/s-l225.webp
Canon EOS M50 Body - Black with two original Canon batteries plus EF-EOS adapter,Pre-Owned 路 Canon EOS M 路 Mirrorless Interchangeable Lens,6000000.0,"Jan 25, 2021",43.0,https://i.ebayimg.com/thumbs/images/g/6RMAAOSwkNNgBb6i/s-l225.webp
Canon EOS M50 Travelkit *** 15 - 45 mm *** Black ***,Brand New 路 Canon,9354264.08,"Jan 25, 2021",N/A,https://i.ebayimg.com/thumbs/images/g/wE4AAOSwIaFgCbQx/s-l225.webp
"Canon EOS M50 EF-M w/15-45mm w/lens adapter, speedbooster & extra batteries",Pre-Owned 路 Canon EOS M 路 Mirrorless Interchangeable Lens,7394366.2,"Jan 25, 2021",N/A,https://i.ebayimg.com/thumbs/images/g/8ewAAOSwEJtgBSye/s-l225.webp
Canon EOS M50 Mirrorless Digital Camera with 15-45mm IS STM Lens,Open Box 路 Canon EOS M 路 Mirrorless Interchangeable Lens,8098591.55,"Jan 24, 2021",N/A,https://i.ebayimg.com/thumbs/images/g/7HQAAOSwRlJgDdRu/s-l225.webp
Canon EOS M50 Mirrorless Digital Camera with 15-45mm Lens - Black (2680C011),Pre-Owned 路 Mirrorless Interchangeable Lens 路 Canon EOS,9890371.83,"Jan 24, 2021",5.0,https://i.ebayimg.com/thumbs/images/g/8WoAAOSwQUdgBDgA/s-l225.webp
Canon EOS M50 Kit 15-45mm + 50mm 1.8 and more,Pre-Owned 路 Canon,8706792.25,"Jan 24, 2021",38.0,https://i.ebayimg.com/thumbs/images/g/pasAAOSwlf1gBJY1/s-l225.webp
Canon M50 plus extras/ Sigma prime lenses 56mm and 30mm 1.4,Pre-Owned 路 Canon EOS M 路 Mirrorless Interchangeable Lens,13380281.69,"Jan 24, 2021",N/A,https://i.ebayimg.com/thumbs/images/g/P88AAOSwC55f-hW9/s-l225.webp
Canon EOS M50 24.1MP Mirrorless Digital Camera with 15-45mm STM Lens - Black,Pre-Owned 路 Canon EOS M 路 Mirrorless Interchangeable Lens,8338028.17,"Jan 24, 2021",19.0,https://i.ebayimg.com/thumbs/images/g/HzwAAOSwK7RgBIkb/s-l225.webp
Canon EOS M50 Mirrorless Digital Camera with 15-45mm Lens - Black (2680C011),New (Other) 路 Mirrorless Interchangeable Lens 路 Canon EOS,10006957.75,"Jan 24, 2021",20.0,https://i.ebayimg.com/thumbs/images/g/kR8AAOSwSxBgAJVd/s-l225.webp
Canon EOS M 50 Accessory Pack,Pre-Owned 路 Canon,10427704.23,"Jan 24, 2021",67.0,https://i.ebayimg.com/thumbs/images/g/E88AAOSwaShgBEtT/s-l225.webp
Canon EOS M50 24.1MP DSLR Camera with EF-M 15-45mm f/3.5-6.3 IS STM Lens...,Pre-Owned 路 Canon,6917725.35,"Jan 24, 2021",46.0,https://i.ebayimg.com/thumbs/images/g/NmQAAOSwvHJgBHmN/s-l225.webp
Canon EOS M50 24.1MP DSLR Camera with EF-M 15-45mm f/3.5-6.3 IS STM Lens...,Pre-Owned 路 Canon,6918066.13,"Jan 24, 2021",63.0,https://i.ebayimg.com/thumbs/images/g/6coAAOSw~mdgBHW~/s-l225.webp
Canon EOS M50 Mirrorless Digital 4K Vlogging Camera with Dual Pixel CMOS,Brand New 路 Canon EOS M 路 Mirrorless Interchangeable Lens,5704225.35,"Jan 24, 2021",5.0,https://i.ebayimg.com/thumbs/images/g/HSEAAOSwdKhgDFHH/s-l225.webp
Canon EOS M50 24.1MP with EF-M 15-45mm Mirrorless 4K Video White,Pre-Owned 路 Mirrorless Interchangeable Lens 路 Canon EOS,9715492.96,"Jan 23, 2021",N/A,https://i.ebayimg.com/thumbs/images/g/TG4AAOSwxahgCA4t/s-l225.webp
Canon EOS M50 Mirrorless Camera + Viltrox EF adapter + Extra Batteries,Pre-Owned 路 Canon EOS M 路 Mirrorless Interchangeable Lens,8183098.59,"Jan 23, 2021",25.0,https://i.ebayimg.com/thumbs/images/g/fDgAAOSwcbhgA2~-/s-l225.webp
Canon EOS M50 Mirrorless Digital Camera with 15-45mm Lens - Black (2680C011),Pre-Owned 路 Mirrorless Interchangeable Lens 路 Canon EOS,10104112.68,"Jan 23, 2021",13.0,https://i.ebayimg.com/thumbs/images/g/eUwAAOSwGcBgAxn7/s-l225.webp
Canon EOS M50 Mirrorless Digital Camera Body Only (Black),Brand New 路 Digital SLR,6746478.87,"Jan 23, 2021",N/A,https://i.ebayimg.com/thumbs/images/g/tB0AAOSwzIlgCalR/s-l225.webp
Canon EOS M50 Camera Body Black + 3 Lens Kit 15-45mm IS STM+ 32GB + Flash & More,Brand New 路 Canon EOS 路 Mirrorless Interchangeable Lens,8239436.62,"Jan 22, 2021",19.0,https://i.ebayimg.com/thumbs/images/g/AW4AAOSwjDtgAkYG/s-l225.webp
"Canon EOS M50 Mirrorless Camera with 15-45mm STM Lens, + 32GB Card,(18PC Bundle)",Brand New 路 Canon EOS M 路 Mirrorless Interchangeable Lens,9704225.35,"Jan 22, 2021",N/A,https://i.ebayimg.com/thumbs/images/g/Gr0AAOSwwste2lAV/s-l225.webp
"Canon EOS M50 24.1MP DSLR Camera with EF-M 15-45mm, like new only 2 months old",Pre-Owned 路 Canon,7667429.58,"Jan 22, 2021",N/A,https://i.ebayimg.com/thumbs/images/g/820AAOSwUphgCnP5/s-l225.webp
CANON EOS M50 MIRRORLESS DSLR CAMERA +15-45mm IS STM LENS.. PRISTINE CONDITION,Pre-Owned 路 Mirrorless Interchangeable Lens 路 Canon EOS,9618338.03,"Jan 22, 2021",N/A,https://i.ebayimg.com/thumbs/images/g/hoQAAOSwuGJgCvBT/s-l225.webp
Canon EOS M50 Mirrorless Digital Camera with 15-45mm Lens - Black (2680C011),New (Other) 路 Mirrorless Interchangeable Lens 路 Canon EOS,10881352.11,"Jan 22, 2021",N/A,https://i.ebayimg.com/thumbs/images/g/bwwAAOSwjFJgCqLe/s-l225.webp
Canon EOS M50 24.1MP Mirrorless Digital Camera with 15-45mm STM Lens - Black,Open Box 路 Canon EOS M 路 Mirrorless Interchangeable Lens,7676056.34,"Jan 22, 2021",N/A,https://i.ebayimg.com/thumbs/images/g/VNsAAOSwNntgCkwf/s-l225.webp
Canon EOS M50 Mirrorless + lot of extra!! 3months old camera..,Pre-Owned 路 Mirrorless Interchangeable Lens 路 Canon EOS,9696061.97,"Jan 22, 2021",N/A,https://i.ebayimg.com/thumbs/images/g/0XAAAOSw7hJgCsP0/s-l225.webp
Canon EOS M50 24.1MP Mirrorless Camera Body with EF-M15-45mm USED,Pre-Owned 路 Canon EOS M 路 Mirrorless Interchangeable Lens,5985915.49,"Jan 21, 2021",N/A,https://i.ebayimg.com/thumbs/images/g/LMgAAOSwH89gCgph/s-l225.webp
Canon EOS M50 w/ 15-45mm Kit Lens Original Battery & Charger Included,Open Box 路 Canon EOS M 路 Mirrorless Interchangeable Lens,7323943.66,"Jan 21, 2021",N/A,https://i.ebayimg.com/thumbs/images/g/ECwAAOSwI2JgB-L0/s-l225.webp
Canon EOS M50 24.1MP DSLR Camera EF-M 15-45mm f/3.5-6.3 IS STM,Pre-Owned 路 Canon,6815492.96,"Jan 21, 2021",N/A,https://i.ebayimg.com/thumbs/images/g/MQsAAOSwtrNgBViK/s-l225.webp
Canon EOS M50 EF-M 18-150 mm Kit OVP,Pre-Owned 路 Canon,8042281.69,"Jan 21, 2021",21.0,https://i.ebayimg.com/thumbs/images/g/ov8AAOSwjkxgAAh7/s-l225.webp
Canon EOS M50 24.1MP Mirrorless Digital Camera with 15-45mm STM Lens - Black,Brand New 路 Canon EOS M 路 Mirrorless Interchangeable Lens,7042253.52,"Jan 21, 2021",N/A,https://i.ebayimg.com/thumbs/images/g/itQAAOSwPK1gCbKm/s-l225.webp
Kit Camera Mirrorless Canon EOS m50 + EF-M 15-45 IS STM Black,Brand New,8502327.46,"Jan 21, 2021",N/A,https://i.ebayimg.com/thumbs/images/g/ligAAOSw1zlgCC1z/s-l225.webp
Canon EOS M50 Mirrorless Digital Camera + 15-45mm Lens White 32GB Accessory Kit,Brand New 路 Canon EOS 路 Mirrorless Interchangeable Lens,9563239.44,"Jan 20, 2021",N/A,https://i.ebayimg.com/thumbs/images/g/-TEAAOSwsChe2TsM/s-l225.webp
Canon EOS M50 Mirror Loose System Camera with EF-M15-45 IS STM Lens ~ B-Ware,Pre-Owned 路 Canon,6798454.23,"Jan 20, 2021",N/A,https://i.ebayimg.com/thumbs/images/g/2uQAAOSwliVf820i/s-l225.webp
Canon EOS M50 24.1MP DSLR Camera with EF-M 15-45mm f/3.5-6.3 IS STM Lens,New (Other) 路 Canon,7599274.65,"Jan 20, 2021",43.0,https://i.ebayimg.com/thumbs/images/g/E6AAAOSwYTtf~vQl/s-l225.webp
Canon EOS M50 24.1 MP Mirrorless Camera - White (Kit with  EF-M 15-45mm IS...,Open Box 路 Canon EOS M 路 Mirrorless Interchangeable Lens,8436619.72,"Jan 19, 2021",N/A,https://i.ebayimg.com/thumbs/images/g/yhcAAOSwZTFfH6zK/s-l225.webp
Canon EOS M50 Mirrorless Digital Camera with 15-45mm Lens and Dummy Battery,Pre-Owned 路 Mirrorless Interchangeable Lens 路 Canon EOS,9715492.96,"Jan 19, 2021",56.0,https://i.ebayimg.com/thumbs/images/g/rPoAAOSwH9ZgAJbk/s-l225.webp
Canon: EOS M50 Camera Full Kit Mint Condition!,Brand New 路 Canon EOS M 路 Mirrorless Interchangeable Lens,7492957.75,"Jan 19, 2021",10.0,https://i.ebayimg.com/thumbs/images/g/8CwAAOSwhtJgAE1D/s-l225.webp
Canon EOS M50 Mirrorless Camera,Pre-Owned 路 Mirrorless Interchangeable Lens 路 Canon EOS,9696061.97,"Jan 19, 2021",N/A,https://i.ebayimg.com/thumbs/images/g/8b8AAOSwbatgBFKw/s-l225.webp
Canon EOS M50 Mirrorless Camera Body w/ Battey and Charger - Black,Brand New 路 Canon EOS M 路 Mirrorless Interchangeable Lens,6478873.24,"Jan 18, 2021",N/A,https://i.ebayimg.com/thumbs/images/g/vaYAAOSwNO1f97mM/s-l225.webp
canon m50 mirrorless camera digital camera 24 mega pixels with kit lens 15-45 mm,Pre-Owned 路 Canon EOS M 路 Mirrorless Interchangeable Lens,6197183.1,"Jan 18, 2021",N/A,https://i.ebayimg.com/thumbs/images/g/NWoAAOSwPXVgA5~R/s-l225.webp
Canon EOS M50 Bundle with 15-45mm lens 55-200mm lens & more,Pre-Owned 路 Canon EOS M 路 Mirrorless Interchangeable Lens,9647887.32,"Jan 18, 2021",N/A,https://i.ebayimg.com/thumbs/images/g/EGEAAOSwgOhgAtcH/s-l225.webp
Canon EOS M50 24.1 MP Mirrorless Camera - White (Kit with  EF-M 15-45mm IS...,Open Box 路 Canon EOS M 路 Mirrorless Interchangeable Lens,6760563.38,"Jan 18, 2021",N/A,https://i.ebayimg.com/thumbs/images/g/a0cAAOSwMDRgBIO6/s-l225.webp
 Canon EOS M50 Mirrorless EF-M APS-C Camera - Black (Body Only) New,Brand New 路 Canon EOS M 路 Mirrorless Interchangeable Lens,7450704.23,"Jan 18, 2021",N/A,https://i.ebayimg.com/thumbs/images/g/njAAAOSwVrNf0DtW/s-l225.webp
Canon EOS M50 Mirrorless Cam 4K + EF-S 18-55mm + Ef autofus adapter+Accessories,Pre-Owned 路 Canon EOS M 路 Mirrorless Interchangeable Lens,6732394.37,"Jan 18, 2021",4.0,https://i.ebayimg.com/thumbs/images/g/uiUAAOSwnZxgAfKe/s-l225.webp
Canon EOS M50 Mirrorless Digital Camera + Extras,Pre-Owned 路 Mirrorless Interchangeable Lens 路 Canon EOS,11600298.59,"Jan 18, 2021",22.0,https://i.ebayimg.com/thumbs/images/g/ZFwAAOSw~Z9f-FL1/s-l225.webp
canon eos m50 mirrorless 24.1 megapixels bundle ,Pre-Owned 路 Canon EOS M 路 Mirrorless Interchangeable Lens,8028169.01,"Jan 18, 2021",N/A,https://i.ebayimg.com/thumbs/images/g/TJAAAOSwkNNf-J-s/s-l225.webp
Canon EOS M50 Vlogging Camera,Pre-Owned 路 Mirrorless Interchangeable Lens,10104112.68,"Jan 17, 2021",N/A,https://i.ebayimg.com/thumbs/images/g/kP4AAOSwHsxgAbeQ/s-l225.webp
く佛BRAND NEW Canon EOS M50 Black and EF-M 15-45mm IS STM Lens Black佛く,Brand New 路 Mirrorless Interchangeable Lens 路 Canon EOS,10278991.55,"Jan 17, 2021",N/A,https://i.ebayimg.com/thumbs/images/g/BtYAAOSw5vRgAjh2/s-l225.webp
Canon EOS M50 24.1MP Mirrorless Digital Camera with 15-45mm STM Lens - Black,Pre-Owned 路 Canon EOS M 路 Mirrorless Interchangeable Lens,9295774.65,"Jan 17, 2021",20.0,https://i.ebayimg.com/thumbs/images/g/8~sAAOSwoTNf-4K2/s-l225.webp
Canon EOS M50 Travel Kit * incl EF-M 15-45 Lens + Accessory Pack * New in Original Box,Brand New 路 Canon,9371132.44,"Jan 17, 2021",N/A,https://i.ebayimg.com/thumbs/images/g/TjYAAOSwu3Ff~ZbY/s-l225.webp
Canon EOS M50 used bundle Mirrorless Camera Body - Black,Pre-Owned 路 Canon EOS M 路 Mirrorless Interchangeable Lens,6901408.45,"Jan 17, 2021",3.0,https://i.ebayimg.com/thumbs/images/g/tiMAAOSw-IRf56DN/s-l225.webp
Canon EOS M50 Mirrorless Camera EF-M 15-45mm IS STM Kit (White),Brand New 路 Canon EOS M 路 Mirrorless Interchangeable Lens,12253380.28,"Jan 16, 2021",N/A,https://i.ebayimg.com/thumbs/images/g/GEUAAOSwfPRfCsr~/s-l225.webp
Canon M50 Mirrorless Camera with 15-45mm Lens. Vlogger Kit. Many Accessories,Pre-Owned 路 Mirrorless Interchangeable Lens 路 Canon EOS,11639160.56,"Jan 15, 2021",N/A,https://i.ebayimg.com/thumbs/images/g/mlkAAOSwpElf~NKZ/s-l225.webp
Canon EOS M50 with lens EF-M 15-45mm + Accessory Pack-NEW,Brand New 路 Canon,8181999.3,"Jan 15, 2021",88.0,https://i.ebayimg.com/thumbs/images/g/EskAAOSwq1Vf-0yC/s-l225.webp
Canon EOS M50 24.1MP DSLR Camera Body Only,Pre-Owned 路 Canon,5128658.45,"Jan 15, 2021",30.0,https://i.ebayimg.com/thumbs/images/g/hZYAAOSw9Flf7b47/s-l225.webp
Canon EOS M50 Mirrorless Digital Camera with 15-45mm Lens - Black (UK Version),Brand New 路 Mirrorless Interchangeable Lens 路 Canon EOS,11639160.56,"Jan 15, 2021",N/A,https://i.ebayimg.com/thumbs/images/g/kZgAAOSwFf1fxP09/s-l225.webp
"Canon EOS M50 Barely Used. Includes 3 Batteries, Rode Mix, A/c Adapter",Pre-Owned 路 Canon EOS M 路 Digital SLR,8732394.37,"Jan 14, 2021",11.0,https://i.ebayimg.com/thumbs/images/g/dEoAAOSwKy1f-Abr/s-l225.webp
Canon EOS M50 Mirrorless Camera Body w/ Battery and Charger - Black,Open Box 路 Canon EOS M 路 Mirrorless Interchangeable Lens,6760563.38,"Jan 14, 2021",2.0,https://i.ebayimg.com/thumbs/images/g/XAUAAOSwxahf98g9/s-l225.webp
Canon EOS M50 Mirrorless Camera withVILTROX EF-EOS M Lens Adapter & Accessories,Pre-Owned 路 Mirrorless Interchangeable Lens 路 Canon EOS,9715492.96,"Jan 14, 2021",N/A,https://i.ebayimg.com/thumbs/images/g/sH4AAOSwTKFf9won/s-l225.webp
Canon EOS M50 Mirrorless Digital Camera with 15-45mm Lens - Black (2680C011),Pre-Owned 路 Mirrorless Interchangeable Lens 路 Canon EOS,9618338.03,"Jan 14, 2021",N/A,https://i.ebayimg.com/thumbs/images/g/JesAAOSwuf9f~Kn0/s-l225.webp
Canon EOS M50 Mirrorless Digital Camera + Extras,Pre-Owned 路 Mirrorless Interchangeable Lens 路 Canon EOS,12047211.27,"Jan 13, 2021",25.0,https://i.ebayimg.com/thumbs/images/g/ZFwAAOSw~Z9f-FL1/s-l225.webp
Canon EOS M50 24.1 MP Mirrorless Camera - White (Kit with  EF-M 15-45mm IS...,Pre-Owned 路 Canon EOS M 路 Mirrorless Interchangeable Lens,8591549.3,"Jan 13, 2021",40.0,https://i.ebayimg.com/thumbs/images/g/9gMAAOSwOVhf-KKR/s-l225.webp
Canon EOS M50 Mirrorless Camera Body Boxed 2 Batteries EF-EOS M Lens Adapter,Pre-Owned 路 Mirrorless Interchangeable Lens 路 Canon EOS,9132369.07,"Jan 11, 2021",N/A,https://i.ebayimg.com/thumbs/images/g/KocAAOSwUjFf~NMR/s-l225.webp
Canon EOS M50 with lens EF-M 15-45mm Accessory Pack-Travel Kit-NEW,Brand New 路 Canon,8860140.85,"Jan 11, 2021",N/A,https://i.ebayimg.com/thumbs/images/g/xmgAAOSw6BNf~ETk/s-l225.webp
Canon EOS M50 Kit + EF-M 15-45mm IS STM Set Travelkit With Accessory Pack NEW & OVP,Brand New 路 Canon,8502327.46,"Jan 11, 2021",N/A,https://i.ebayimg.com/thumbs/images/g/R2UAAOSwYc5f65n6/s-l225.webp
"Canon EOS M50 System Camera with Sigma 17-50 mm 1:2,8 EX HSM Lens",Pre-Owned 路 Canon,7190345.07,"Jan 11, 2021",54.0,https://i.ebayimg.com/thumbs/images/g/fiIAAOSwHm5f8x6a/s-l225.webp
Canon EOS M50 with lens EF-M 15-45mm + Accessory Pack Kit-NEW,Brand New 路 Canon,8768302.08,"Jan 11, 2021",N/A,https://i.ebayimg.com/thumbs/images/g/ESIAAOSwHdJf-D4f/s-l225.webp
Canon EOS M50 Kit System Camera with Lens (15-45 mm) Accessory Pack-NEW,Brand New 路 Canon,8348978.87,"Jan 10, 2021",N/A,https://i.ebayimg.com/thumbs/images/g/XgwAAOSwNjpf-KVS/s-l225.webp
Canon EOS M50 24MP APS-C Mirrorless Camera - Body Only - Please Read,Pre-Owned 路 Mirrorless Interchangeable Lens,5732140.85,"Jan 10, 2021",N/A,https://i.ebayimg.com/thumbs/images/g/f7YAAOSwmENf-w4S/s-l225.webp
Canon EOS M50 Mirrorless Digital Camera with 15-45mm Lens - Black (UK Version),Pre-Owned 路 Mirrorless Interchangeable Lens 路 Canon EOS,10395577.46,"Jan 10, 2021",N/A,https://i.ebayimg.com/thumbs/images/g/JdIAAOSw2KVfziPA/s-l225.webp
Canon EOS M50 24.1MP Mirrorless Digital Camera with 15-45mm STM Lens - Black,Pre-Owned 路 Canon EOS M 路 Mirrorless Interchangeable Lens,8169014.08,"Jan 10, 2021",N/A,https://i.ebayimg.com/thumbs/images/g/xWIAAOSweXhf84GF/s-l225.webp
Canon EOS M50 Body Chassis,Pre-Owned 路 Canon,6645105.63,"Jan 8, 2021",N/A,https://i.ebayimg.com/thumbs/images/g/mCMAAOSwZGRf-Huw/s-l225.webp
Canon EOS M50 24.1MP Mirrorless Digital Camera with 15-45mm STM Lens - Black,Pre-Owned 路 Canon EOS M 路 Mirrorless Interchangeable Lens,8450704.23,"Jan 8, 2021",29.0,https://i.ebayimg.com/thumbs/images/g/0dkAAOSwtBZf76Nx/s-l225.webp
Canon EOS M50 24.1MP Mirrorless Digital Camera with 15-45mm STM Lens - Black,Open Box 路 Canon EOS M 路 Mirrorless Interchangeable Lens,8450281.69,"Jan 8, 2021",N/A,https://i.ebayimg.com/thumbs/images/g/yEUAAOSwiAZf9~Xk/s-l225.webp
Canon EOS M50 Mirrorless Digital Camera with 15-45mm Lens - Black (2680C011),Pre-Owned 路 Mirrorless Interchangeable Lens 路 Canon EOS,9909802.82,"Jan 8, 2021",13.0,https://i.ebayimg.com/thumbs/images/g/pKoAAOSwEK9f9isH/s-l225.webp
"Canon eos m50, black mirrorless camera with EF-M 15-45mm lens.",New (Other) 路 Mirrorless Interchangeable Lens,11075661.97,"Jan 8, 2021",N/A,https://i.ebayimg.com/thumbs/images/g/F6oAAOSw-wJfeIaJ/s-l225.webp
"I am selling my Canon EOS M 50, which only once been used.",Pre-Owned 路 Canon,7769661.97,"Jan 8, 2021",12.0,https://i.ebayimg.com/thumbs/images/g/dgkAAOSwhnZf8dJO/s-l225.webp
Canon EOS M50 with 5-45mm IS STM - Black,New (Other) 路 Mirrorless Interchangeable Lens 路 Canon EOS M,9132563.38,"Jan 8, 2021",11.0,https://i.ebayimg.com/thumbs/images/g/w0sAAOSwmrJdYoJL/s-l225.webp
Canon EOS M50 24.1MP Mirrorless Digital Camera with 15-45mm STM Lens - Black,Open Box 路 Canon EOS M 路 Mirrorless Interchangeable Lens,7535211.27,"Jan 8, 2021",17.0,https://i.ebayimg.com/thumbs/images/g/pwcAAOSwjudf72P1/s-l225.webp
Canon - EOS M50 Mirrorless Camera w/ EF-M 15-45mm f/3.5-6.3 IS STM Zoom Lens,PROBSTEIN123 is actively accepting CONSIGNMENTS !!,8112676.06,"Jan 7, 2021",53.0,https://i.ebayimg.com/thumbs/images/g/OfIAAOSwViVfotIM/s-l225.webp
Canon EOS M50 mark 1 body ,Pre-Owned 路 Mirrorless Interchangeable Lens 路 Canon EOS M,8335892.96,"Jan 7, 2021",N/A,https://i.ebayimg.com/thumbs/images/g/3PQAAOSwVFhf0Mzw/s-l225.webp
Canon EOS M50 Body + EF-M 18-150mm IS STM 24.1 MP WiFi Black Brand New,New (Other) 路 Compact,12435830.99,"Jan 7, 2021",N/A,https://i.ebayimg.com/thumbs/images/g/FMsAAOSwzJFf3MI~/s-l225.webp
Canon EOS M50 24.1MP Mirrorless Digital Camera with 15-45mm STM Lens - Black,Pre-Owned 路 Canon EOS M 路 Mirrorless Interchangeable Lens,7464788.73,"Jan 7, 2021",18.0,https://i.ebayimg.com/thumbs/images/g/3EgAAOSwbOVexNS0/s-l225.webp
Canon EOS M50 24.1MP Mirrorless Digital Camera with 15-45mm STM Lens - Brand New,Brand New 路 Canon EOS M 路 Mirrorless Interchangeable Lens,8450563.38,"Jan 6, 2021",N/A,https://i.ebayimg.com/thumbs/images/g/3EgAAOSwbOVexNS0/s-l225.webp
Canon EOS M50 24.1MP Mirrorless Digital Camera with 15-45mm STM Lens - Black,Pre-Owned 路 Canon EOS M 路 Mirrorless Interchangeable Lens,7042253.52,"Jan 6, 2021",N/A,https://i.ebayimg.com/thumbs/images/g/AYwAAOSwbRhf9iWH/s-l225.webp
Canon - EOS M50 Mirrorless Camera w/ EF-M 15-45mm f/3.5-6.3 IS STM Zoom Lens,PROBSTEIN123 is actively accepting CONSIGNMENTS !!,7830985.92,"Jan 6, 2021",78.0,https://i.ebayimg.com/thumbs/images/g/OfIAAOSwViVfotIM/s-l225.webp
Canon - EOS M50 Mirrorless Camera w/ EF-M 15-45mm f/3.5-6.3 IS STM Zoom Lens,PROBSTEIN123 is actively accepting CONSIGNMENTS !!,7760563.38,"Jan 6, 2021",78.0,https://i.ebayimg.com/thumbs/images/g/OfIAAOSwViVfotIM/s-l225.webp
Canon EOS M50 Mirrorless 24.1MP Digital Camera Body - Black - Brand New!,Brand New 路 Canon EOS M 路 Mirrorless Interchangeable Lens,7323802.82,"Jan 6, 2021",N/A,https://i.ebayimg.com/thumbs/images/g/nl0AAOSwCB5f7lBz/s-l225.webp
Canon EOS M50 Mirrorless Digital Camera EF-M 15-45mm IS STM Lens in Black UK New,Brand New 路 Mirrorless Interchangeable Lens 路 Canon EOS,11444850.7,"Jan 6, 2021",N/A,https://i.ebayimg.com/thumbs/images/g/X~YAAOSwqBFfzrM7/s-l225.webp
Canon EOS M50 Black + 15-45MM 3.5-6.3 IS STM Kit 24.2 Megapixel Camera Black,Brand New 路 Canon,9030357.79,"Jan 6, 2021",N/A,https://i.ebayimg.com/thumbs/images/g/MZ4AAOSwObNf9O~c/s-l225.webp
Canon EOS M50 Mirrorless Camera Body - Black,Brand New 路 Canon EOS M 路 Mirrorless Interchangeable Lens,5563380.28,"Jan 5, 2021",4.0,https://i.ebayimg.com/thumbs/images/g/ZH4AAOSw3PRf1oZn/s-l225.webp
Canon EOS M50 24.1MP Mirrorless Digital Camera with 15-45mm STM Lens - Black,Brand New 路 Canon EOS M 路 Mirrorless Interchangeable Lens,9013380.28,"Jan 5, 2021",N/A,https://i.ebayimg.com/thumbs/images/g/ajoAAOSwhJNf3uOq/s-l225.webp
"Canon EOS M50 Mirrorless Vlogging Camera Kit with EF-M 15-45mm Lens, Black",Brand New 路 Canon EOS M 路 Mirrorless Interchangeable Lens,8872535.21,"Jan 5, 2021",N/A,https://i.ebayimg.com/thumbs/images/g/M2AAAOSwWSxf4Ql~/s-l225.webp
Canon EOS M50 Mirrorless Digital Camera with 15-45mm Lens - Black (2680C011),New (Other) 路 Mirrorless Interchangeable Lens 路 Canon EOS,9229718.31,"Jan 5, 2021",N/A,https://i.ebayimg.com/thumbs/images/g/fyUAAOSwKU9f9Jh8/s-l225.webp
"Canon EOS m50 24,1 MP White Reflex Kit EF-M 15-45mm Lens White Various gifts",New (Other),10052852.11,"Jan 5, 2021",N/A,https://i.ebayimg.com/thumbs/images/g/yroAAOSwVYZfyLr4/s-l225.webp
Canon EOS M50 24.1 MP Digital Camera - Black (Kit with EF-M 15-45mm F/3.5-5.6 IS,Pre-Owned 路 Mirrorless Interchangeable Lens 路 Canon EOS,12474692.96,"Jan 5, 2021",16.0,https://i.ebayimg.com/thumbs/images/g/2cMAAOSwIFBf6x6Y/s-l225.webp
Canon EOS M50 Mirrorless Digital Camera with 15-45mm Lens - Black (2680C011),New (Other) 路 Mirrorless Interchangeable Lens 路 Canon EOS,10687042.25,"Jan 5, 2021",N/A,https://i.ebayimg.com/thumbs/images/g/60wAAOSwip5f70YP/s-l225.webp
Canon EOS M50 24.1MP Mirrorless Digital Camera with 15-45mm STM Lens - Black,Open Box 路 Canon EOS M 路 Mirrorless Interchangeable Lens,8098591.55,"Jan 4, 2021",N/A,https://i.ebayimg.com/thumbs/images/g/YwMAAOSwJ9Ff83Dy/s-l225.webp
Canon EOS M50 24.1MP DSLR Camera with EF-M 15-45mm f/3.5-6.3 IS STM Lens...,Brand New 路 Canon,10035813.38,"Jan 4, 2021",N/A,https://i.ebayimg.com/thumbs/images/g/hkcAAOSwoR9c9Tsz/s-l225.webp
Brilliant Canon EOS M50 4K Camera   Original Box & Accessories,Pre-Owned 路 Canon 路 Mirrorless Interchangeable Lens,6310971.83,"Jan 4, 2021",N/A,https://i.ebayimg.com/thumbs/images/g/y9IAAOSwO7JfzxW~/s-l225.webp
Canon EOS M50 Body,Pre-Owned 路 Canon,6815492.96,"Jan 4, 2021",N/A,https://i.ebayimg.com/thumbs/images/g/UzQAAOSwB1Nf7mKA/s-l225.webp
Canon EOS M50 Full Spectrum UV IR Infrared Astrophotohraphy converted camera,Open Box 路 Canon EOS M 路 Mirrorless Interchangeable Lens,11253521.13,"Jan 4, 2021",N/A,https://i.ebayimg.com/thumbs/images/g/fk0AAOSwpkpf4~Rg/s-l225.webp
CANON EOS M50 MIRRORLESS DIGITAL CAMERA (Gently Used),Pre-Owned 路 Canon EOS M 路 Mirrorless Interchangeable Lens,7042253.52,"Jan 4, 2021",N/A,https://i.ebayimg.com/thumbs/images/g/VPwAAOSwKP1f5SS5/s-l225.webp
Canon EOS M50 with EF-M15-45 IS STM and EF-M55-200 IS STM,Pre-Owned 路 Canon,10819595.07,"Jan 4, 2021",62.0,https://i.ebayimg.com/thumbs/images/g/4fAAAOSw~tpf6gII/s-l225.webp
"Canon EOS M50 Mirrorless Camera - Blck, Battr/chrgr, SDCrd,18-55mm & EFtoM Adptr",Open Box 路 Canon EOS M 路 Mirrorless Interchangeable Lens,7676056.34,"Jan 3, 2021",20.0,https://i.ebayimg.com/thumbs/images/g/sykAAOSwSRlf69Hz/s-l225.webp
Canon EOS M50 Body,Pre-Owned 路 Canon,6815492.96,"Jan 3, 2021",26.0,https://i.ebayimg.com/thumbs/images/g/UzQAAOSwB1Nf7mKA/s-l225.webp
Canon EOS M50 Mirrorless Camera Kit with EF-M 15-45mm f/3.5-6.3 IS STM Zoom Lens,Open Box 路 Canon EOS 路 Mirrorless Interchangeable Lens,6338028.17,"Jan 3, 2021",N/A,https://i.ebayimg.com/thumbs/images/g/aKYAAOSwJWhf8kd5/s-l225.webp
Canon EOS M50 Camera with EF-M 15-45mm f/3.5-6 .3 Lens + Accessory Bundle,Pre-Owned 路 Canon,8519366.2,"Jan 3, 2021",70.0,https://i.ebayimg.com/thumbs/images/g/Y1wAAOSwzJZf6Grn/s-l225.webp
"Well-preserved Canon EOS M50 with 2 lenses, EF Adapter & Accessory Pack",Pre-Owned 路 Canon,8945334.51,"Jan 3, 2021",32.0,https://i.ebayimg.com/thumbs/images/g/ZbwAAOSwYxFf6MjE/s-l225.webp
Canon EOS M50 Kit + EF-M 15-45mm IS STM Set Travelkit With Accessory Pack NEW + OVP,Brand New 路 Canon,8843102.11,"Jan 3, 2021",N/A,https://i.ebayimg.com/thumbs/images/g/vg8AAOSwwD5f7PP~/s-l225.webp
"Canon EOS M50 White 24.1MP + Accessory Pack (Chargers, original battery, camera strap)",Pre-Owned 路 Canon,7495338.38,"Jan 3, 2021",N/A,https://i.ebayimg.com/thumbs/images/g/dq4AAOSwUmhf8LA~/s-l225.webp
Canon EOS M50 24.1MP Mirrorless Digital Camera with 15-45mm STM Lens - Black,Brand New 路 Canon EOS M 路 Mirrorless Interchangeable Lens,8450563.38,"Jan 2, 2021",N/A,https://i.ebayimg.com/thumbs/images/g/B6YAAOSwD1Bf72a~/s-l225.webp
"Canon EOS M50 Mirrorless Camera w 15-45mm,Viltrox speed booster & extras bundle",Pre-Owned 路 Canon EOS M 路 Mirrorless Interchangeable Lens,8042253.52,"Jan 2, 2021",11.0,https://i.ebayimg.com/thumbs/images/g/1Y4AAOSweNBf5-Da/s-l225.webp
Canon EOS M50 24.1MP Mirrorless Digital Camera White w 15-45mm IS STM Lens ,Pre-Owned 路 Canon EOS M 路 Mirrorless Interchangeable Lens,7745352.11,"Jan 2, 2021",N/A,https://i.ebayimg.com/thumbs/images/g/j6oAAOSw-Mtf6k6T/s-l225.webp
Canon EOS M50 used bundle Mirrorless Camera Body - Black,Pre-Owned 路 Canon EOS M 路 Mirrorless Interchangeable Lens,7323943.66,"Jan 2, 2021",24.0,https://i.ebayimg.com/thumbs/images/g/tiMAAOSw-IRf56DN/s-l225.webp
Canon EOS M50 Mirrorless Digital Camera with 15-45mm Lens And 55-200mm Lens,New (Other) 路 Mirrorless Interchangeable Lens 路 Canon EOS,11658591.55,"Jan 1, 2021",N/A,https://i.ebayimg.com/thumbs/images/g/jMgAAOSw4gRf7MIp/s-l225.webp
Canon EOS M50 Mirrorless Digital Camera With 15-45mm Lens,Refurbished 路 Canon EOS M 路 Mirrorless Interchangeable Lens,5563380.28,"Dec 31, 2020",N/A,https://i.ebayimg.com/thumbs/images/g/bSkAAOSw-u9f7IzC/s-l225.webp
Canon EOS M50 24.1MP Mirrorless Digital Camera with 15-45mm STM Lens - with kit,Open Box 路 Canon EOS M 路 Mirrorless Interchangeable Lens,7183098.59,"Dec 30, 2020",11.0,https://i.ebayimg.com/thumbs/images/g/7WQAAOSwpNxf688W/s-l225.webp
Canon EOS M50 24.1MP Mirrorless Digital Camera with EXTRAS,Pre-Owned 路 Canon EOS M 路 Mirrorless Interchangeable Lens,8732394.37,"Dec 30, 2020",N/A,https://i.ebayimg.com/thumbs/images/g/U00AAOSw~7Nf69sv/s-l225.webp
Canon EOS M50 Mirrorless 15-45mm Lens - BUNDLE,Pre-Owned 路 Canon EOS M 路 Mirrorless Interchangeable Lens,8450563.38,"Dec 30, 2020",N/A,https://i.ebayimg.com/thumbs/images/g/VKsAAOSwF2tf6Bvg/s-l225.webp
Canon EOS M50 Mirrorless Camera - Black,Open Box 路 Canon EOS M 路 Mirrorless Interchangeable Lens,6873239.44,"Dec 30, 2020",4.0,https://i.ebayimg.com/thumbs/images/g/BKIAAOSw5RNf622F/s-l225.webp
Canon EOS M50 Kit + EF-M 15-45mm IS STM Set Travelkit With Accessory Pack NEW & OVP,Brand New 路 Canon,8843102.11,"Dec 30, 2020",N/A,https://i.ebayimg.com/thumbs/images/g/R2UAAOSwYc5f65n6/s-l225.webp
Canon EOS M50 Mirrorless Digital Camera~15-45mm EF-M IS STM Lens~Kit~Bag~HD Card,Brand New 路 Canon EOS 路 Mirrorless Interchangeable Lens,8872535.21,"Dec 29, 2020",N/A,https://i.ebayimg.com/thumbs/images/g/hWcAAOSwN4ZfseU7/s-l225.webp
"Canon EOS M50 with kit lens, as well as TONS of amazing extras!",Pre-Owned 路 Canon EOS M 路 Mirrorless Interchangeable Lens,9366197.18,"Dec 29, 2020",2.0,https://i.ebayimg.com/thumbs/images/g/9ZcAAOSwmktf3lSr/s-l225.webp
"Canon - EOS M50 Mirrorless Camera Two Lens Kit with EF-M 15-45mm, EF-M 55-200mm ",Brand New 路 Canon EOS 路 Mirrorless Interchangeable Lens,10042253.52,"Dec 29, 2020",4.0,https://i.ebayimg.com/thumbs/images/g/VfkAAOSwzEpf3iSP/s-l225.webp
 Canon EOS M50 Mirrorless EF-M APS-C Camera - Black (Body Only) New,Brand New 路 Canon EOS M 路 Mirrorless Interchangeable Lens,7450704.23,"Dec 28, 2020",N/A,https://i.ebayimg.com/thumbs/images/g/njAAAOSwVrNf0DtW/s-l225.webp
"Canon EOS M50 24.1MP Mirrorless Camera with 18-55mm STM Lens, Clean, Free Ship ",Pre-Owned 路 Canon EOS M 路 Mirrorless Interchangeable Lens,8380140.85,"Dec 28, 2020",N/A,https://i.ebayimg.com/thumbs/images/g/COYAAOSwPbBfzN27/s-l225.webp
Canon EOS M50 Mirrorless Digital Camera with 15-45mm Lens - Black (2680C011),Brand New 路 Mirrorless Interchangeable Lens 路 Canon EOS,2914647.89,"Dec 28, 2020",N/A,https://i.ebayimg.com/thumbs/images/g/tEcAAOSwvLJdYoIK/s-l225.webp
Canon EOS M50,Pre-Owned 路 Canon 路 Mirrorless Interchangeable Lens,7507880.28,"Dec 28, 2020",6.0,https://i.ebayimg.com/thumbs/images/g/HyYAAOSwgtBf5kUq/s-l225.webp
Canon EOS M50 Mirrorless Digital Camera with 15-45mm Lens *Read description*,Pre-Owned 路 Mirrorless Interchangeable Lens 路 Canon EOS M,7966704.23,"Dec 28, 2020",6.0,https://i.ebayimg.com/thumbs/images/g/v28AAOSwt2df13ZT/s-l225.webp
"Canon EOS M50 ""Bloggers Kit""",Pre-Owned 路 Canon,9456496.48,"Dec 28, 2020",34.0,https://i.ebayimg.com/thumbs/images/g/slEAAOSwmtFf24YR/s-l225.webp
Canon EOS M50 Mirrorless Digital Camera with 15-45mm Lens - Black (2680C011),Brand New 路 Mirrorless Interchangeable Lens 路 Canon EOS,4857746.48,"Dec 28, 2020",N/A,https://i.ebayimg.com/thumbs/images/g/tEcAAOSwvLJdYoIK/s-l225.webp
Canon EOS M50 24.1MP DSLR Camera with EF-M 15-45mm f/3.5-6.3 IS STM Lens...,Brand New 路 Canon,8945334.51,"Dec 28, 2020",N/A,https://i.ebayimg.com/thumbs/images/g/zRIAAOSwpVxf6ehv/s-l225.webp
 Canon EOS M50 Mirrorless EF-M APS-C Camera - Black (Body Only) New,Brand New 路 Canon EOS M 路 Mirrorless Interchangeable Lens,7450704.23,"Dec 28, 2020",N/A,https://i.ebayimg.com/thumbs/images/g/njAAAOSwVrNf0DtW/s-l225.webp
Canon EOS M50 24.0MP 15-45mmLens 128GB sd - extra battery- perfect cond/like new,New (Other) 路 Canon 路 Mirrorless Interchangeable Lens,8487169.01,"Dec 28, 2020",N/A,https://i.ebayimg.com/thumbs/images/g/n6gAAOSwX1pfcsFI/s-l225.webp
Canon EOS M50 24.1MP DSLR Camera with EF-M 15-45 IS STM Lens,Pre-Owned 路 Canon,7156097.23,"Dec 28, 2020",N/A,https://i.ebayimg.com/thumbs/images/g/ftgAAOSwsKxf6FPN/s-l225.webp
Canon EOS M50 24.0MP 15-45mmLens 128GB sd - extra battery- perfect cond/like new,New (Other) 路 Canon 路 Mirrorless Interchangeable Lens,8487169.01,"Dec 28, 2020",N/A,https://i.ebayimg.com/thumbs/images/g/n6gAAOSwX1pfcsFI/s-l225.webp
Canon EOS M50 Mirrorless Camera with 15-45mm  Box,Pre-Owned 路 Canon 路 Mirrorless Interchangeable Lens,8487169.01,"Dec 27, 2020",N/A,https://i.ebayimg.com/thumbs/images/g/mKgAAOSwI99fqJY~/s-l225.webp
Canon EOS M50 w/ 15-45mm STM Lens and Accessories,Pre-Owned 路 Canon EOS M 路 Mirrorless Interchangeable Lens,8380281.69,"Dec 27, 2020",33.0,https://i.ebayimg.com/thumbs/images/g/yMAAAOSwB~Rf4BgF/s-l225.webp
Canon EOS M50 24.1MP Mirrorless Digital Camera with 15-45mm STM Lens - Black,Open Box 路 Canon EOS M 路 Mirrorless Interchangeable Lens,8661971.83,"Dec 27, 2020",N/A,https://i.ebayimg.com/thumbs/images/g/5wIAAOSwACpf6OcE/s-l225.webp
Canon EOS M50 Mirrorless Camera Body - Black,Brand New 路 Canon EOS M 路 Mirrorless Interchangeable Lens,5422535.21,"Dec 27, 2020",2.0,https://i.ebayimg.com/thumbs/images/g/ZH4AAOSw3PRf1oZn/s-l225.webp
Canon EOS M50 24.1MP Mirrorless Camera Body with EF-M15-45mm,Pre-Owned 路 Canon EOS M 路 Mirrorless Interchangeable Lens,8154929.58,"Dec 27, 2020",N/A,https://i.ebayimg.com/thumbs/images/g/L~AAAOSwzI5fmFHT/s-l225.webp
"Canon EOS M50 24.1MP Camera with EF-M 15-45mm f/3.5-6.3 IS STM Lens, etc",Pre-Owned 路 Canon,8774947.18,"Dec 27, 2020",61.0,https://i.ebayimg.com/thumbs/images/g/Yf0AAOSwgPtf33uY/s-l225.webp
"Canon EOS M50, nearly new.",Pre-Owned 路 Canon,6440640.85,"Dec 27, 2020",32.0,https://i.ebayimg.com/thumbs/images/g/qBYAAOSwpnlf339x/s-l225.webp
Canon EOS M50 Mirrorless 24.1MP Digital Camera Body Black,Pre-Owned 路 Canon EOS M 路 Mirrorless Interchangeable Lens,5619718.31,"Dec 27, 2020",N/A,https://i.ebayimg.com/thumbs/images/g/Ph0AAOSwW-9f6KF7/s-l225.webp
Canon EOS M50 24.1MP DSLR Camera Body plus accessories.,Pre-Owned 路 Canon,6048750.0,"Dec 27, 2020",2.0,https://i.ebayimg.com/thumbs/images/g/GswAAOSw5epf364J/s-l225.webp
Canon EOS M50 Mirrorless Digital Camera with 15-45mm Lens - Black ECCELENT CONDI,New (Other) 路 Mirrorless Interchangeable Lens 路 Canon EOS,10298422.54,"Dec 27, 2020",N/A,https://i.ebayimg.com/thumbs/images/g/tEcAAOSwvLJdYoIK/s-l225.webp
Canon M50 Film/Vlog/Photo outfit BUNDLE NR,Open Box 路 Mirrorless Interchangeable Lens,9154929.58,"Dec 26, 2020",3.0,https://i.ebayimg.com/thumbs/images/g/az0AAOSwUm5fxqsQ/s-l225.webp
Canon EOS M50 with 5-45mm IS STM - Black,Brand New 路 Mirrorless Interchangeable Lens 路 Canon EOS M,9890371.83,"Dec 26, 2020",7.0,https://i.ebayimg.com/thumbs/images/g/SxwAAOSwdHlf3jVd/s-l225.webp
Canon m50,Open Box 路 Mirrorless Interchangeable Lens,7464788.73,"Dec 26, 2020",25.0,https://i.ebayimg.com/thumbs/images/g/SOAAAOSwMSxf0RDw/s-l225.webp
Canon Eos M50 Mirrorless Digital Camera w/ EF-M 15-45 IS STM *Perfect Condition*,Pre-Owned 路 Canon EOS 路 Mirrorless Interchangeable Lens,7464788.73,"Dec 25, 2020",N/A,https://i.ebayimg.com/thumbs/images/g/DdsAAOSwoS9f4SGD/s-l225.webp
Canon EOS M50 24.1 MP Mirrorless Digital Camera w/ multiple accessories new used,Pre-Owned 路 Canon EOS M 路 Mirrorless Interchangeable Lens,8591549.3,"Dec 24, 2020",7.0,https://i.ebayimg.com/thumbs/images/g/Vh8AAOSwsFdf2--k/s-l225.webp
Canon EOS M50 24.1MP DSLR Camera with EF-M 15-45mm f/3.5-6.3 IS STM Lens...,Pre-Owned 路 Canon,8434172.54,"Dec 24, 2020",N/A,https://i.ebayimg.com/thumbs/images/g/u-YAAOSwIUBf3MP9/s-l225.webp
Canon EOS M50 + EF-M 22mm + EF-M 28mm Macro + EF-M 32 MM (Accessory Pack),Pre-Owned 路 Canon,12779049.3,"Dec 24, 2020",N/A,https://i.ebayimg.com/thumbs/images/g/K1cAAOSw~kFf5Lb~/s-l225.webp
Canon EOS M50 Mirrorless Digital Camera with EF-M 15-45mm STM Lens - Black!,Pre-Owned 路 Digital SLR 路 Canon EOS M,9696061.97,"Dec 24, 2020",N/A,https://i.ebayimg.com/thumbs/images/g/Z28AAOSwdLpf0puG/s-l225.webp
Canon EOS M50 Mirrorless Camera w/15-45mm STM Lens + Bundle,Pre-Owned 路 Canon EOS M 路 Mirrorless Interchangeable Lens,8450563.38,"Dec 23, 2020",N/A,https://i.ebayimg.com/thumbs/images/g/XGQAAOSwI~df4AHN/s-l225.webp
Canon EOS M50 Kit w/EF-M 15-45mm (White) - Express Shipping,Brand New 路 Canon EOS M,8873098.59,"Dec 22, 2020",N/A,https://i.ebayimg.com/thumbs/images/g/SowAAOSwvddfoRgt/s-l225.webp
Canon EOS M50 24.1MP Mirrorless Digital Camera with 15-45mm STM Lens - Black,Open Box 路 Canon EOS M 路 Mirrorless Interchangeable Lens,8732394.37,"Dec 22, 2020",33.0,https://i.ebayimg.com/thumbs/images/g/I9gAAOSwxmJf2OfL/s-l225.webp
Canon EOS M50 24.1MP DSLR Camera with EF-M 15-45mm f/3.5-6.3 IS STM Lens...,Pre-Owned 路 Canon,6474547.93,"Dec 21, 2020",N/A,https://i.ebayimg.com/thumbs/images/g/kgAAAOSw3p9f3Ewk/s-l225.webp
Canon EOS M50 Mirroless Camera with 4K Video - Single Kit 15-45mm IS STM LENS,Brand New 路 Canon 路 Mirrorless Interchangeable Lens,9684077.46,"Dec 21, 2020",N/A,https://i.ebayimg.com/thumbs/images/g/9qsAAOSwEUBfzbTg/s-l225.webp
"canon m50 Bundle Comes With Grip Rig Cage, 50MM 1.4 Aperture Lens, Two Battrie",Pre-Owned 路 Canon EOS 路 Mirrorless Interchangeable Lens,7042253.52,"Dec 20, 2020",N/A,https://i.ebayimg.com/thumbs/images/g/qK0AAOSwRRpf1t9R/s-l225.webp
"Canon M50 Mirrorless Camera 15-45mm Lens Kit, bonus 2 x SD Cards - New Condition",Brand New 路 Canon 路 Mirrorless Interchangeable Lens,9020337.32,"Dec 20, 2020",N/A,https://i.ebayimg.com/thumbs/images/g/HxMAAOSw5MFf3Zgh/s-l225.webp
Canon EOS M50 24.1MP Mirrorless Digital Camera with 15-45mm STM Lens - Black,Open Box 路 Canon EOS M 路 Mirrorless Interchangeable Lens,2112676.06,"Dec 20, 2020",N/A,https://i.ebayimg.com/thumbs/images/g/3EgAAOSwbOVexNS0/s-l225.webp
Canon EOS M50 - Black (Body Only; No Lens) with Extras; Excellent Condition,Pre-Owned 路 Canon EOS M 路 Mirrorless Interchangeable Lens,6690140.85,"Dec 20, 2020",N/A,https://i.ebayimg.com/thumbs/images/g/2OgAAOSw27df2UOL/s-l225.webp
Canon EOS M50 Mirrorless Digital Camera with 15-45mm Lens - Black (2680C011),New (Other) 路 Mirrorless Interchangeable Lens 路 Canon EOS,10881352.11,"Dec 20, 2020",53.0,https://i.ebayimg.com/thumbs/images/g/l-0AAOSw8JRf0gKn/s-l225.webp
*RUSH SALE* CANON EOS M50 EF-M 15-45 IS STM KIT WITH LENS HOOD & EXTRA BATTERY,Pre-Owned 路 Canon 路 Mirrorless Interchangeable Lens,7072640.85,"Dec 19, 2020",N/A,https://i.ebayimg.com/thumbs/images/g/JYgAAOSwQHVf3hAf/s-l225.webp
Canon EOS M50 Mirrorless Digital Camera with 15-45mm Lens - Black ,New (Other) 路 Mirrorless Interchangeable Lens 路 Canon EOS,8743943.66,"Dec 19, 2020",N/A,https://i.ebayimg.com/thumbs/images/g/I9MAAOSwCStf21xN/s-l225.webp
Canon EOS M50 DSLM Camera with EF-M 15-45mm f/3.5-6.3 IS STM Lens,Pre-Owned 路 Canon,6917725.35,"Dec 19, 2020",36.0,https://i.ebayimg.com/thumbs/images/g/m4MAAOSwU7lf1MkM/s-l225.webp
Canon EOS M50 Mirrorless Camera w/15-45mm STM Lens+ Rode Videomic GO Microphone,Pre-Owned 路 Canon EOS M 路 Mirrorless Interchangeable Lens,7253521.13,"Dec 19, 2020",37.0,https://i.ebayimg.com/thumbs/images/g/QOsAAOSwO6Zf18pg/s-l225.webp
Canon EOS M50 24.1MP Mirrorless Digital Camera with 15-45mm STM Lens - Black,Open Box 路 Canon EOS M 路 Mirrorless Interchangeable Lens,1197183.1,"Dec 19, 2020",N/A,https://i.ebayimg.com/thumbs/images/g/3EgAAOSwbOVexNS0/s-l225.webp
USED CANON EOS M50 EF-M 15-45mm f/3.5-6.3 IS STM Lens Kit Black WITHOUT BOX,Pre-Owned 路 Canon EOS M 路 Mirrorless Interchangeable Lens,5915492.96,"Dec 18, 2020",N/A,https://i.ebayimg.com/thumbs/images/g/veAAAOSwYxFf3QkS/s-l225.webp
Canon EOS M50 24.0 MP Digital Camera - Black (Kit with 15-45mm f/3.5-6.3 IS STM,A month old,6963830.99,"Dec 17, 2020",N/A,https://i.ebayimg.com/thumbs/images/g/Jf4AAOSwzH9f2bmA/s-l225.webp
Canon EOS M50 24.1MP Mirrorless Digital Camera w/ 15-45mm STM Lens - Black BOXED,Pre-Owned 路 Canon EOS M 路 Mirrorless Interchangeable Lens,7394366.2,"Dec 17, 2020",N/A,https://i.ebayimg.com/thumbs/images/g/eYgAAOSwsFdfqasc/s-l225.webp
"Canon EOS M50 24.1MP EF-M 15-45mm, extras, boxed, no 500 firings, Like New",Pre-Owned 路 Canon,7667429.58,"Dec 17, 2020",N/A,https://i.ebayimg.com/thumbs/images/g/md0AAOSwETVf2yB~/s-l225.webp
Canon EOS M50 Mirrorless Camera with 15-45mm Lens - Black,New (Other) 路 Mirrorless Interchangeable Lens 路 Canon EOS,10687042.25,"Dec 17, 2020",N/A,https://i.ebayimg.com/thumbs/images/g/N80AAOSwAmBf2v9D/s-l225.webp
Canon EOS M50 Camera & EF-M15-45mm IS STM Lens Boxed like new from dealer,New (Other) 路 Canon,8502327.46,"Dec 16, 2020",N/A,https://i.ebayimg.com/thumbs/images/g/vhQAAOSwNDFf2j5b/s-l225.webp
Canon EOS M50 Mirrorless Digital Camera With 15-45 STM Kit Lens,Pre-Owned 路 Canon EOS M 路 Mirrorless Interchangeable Lens,6112676.06,"Dec 16, 2020",8.0,https://i.ebayimg.com/thumbs/images/g/7TIAAOSwZzdf0bBm/s-l225.webp
Canon EOS M50 Mirrorless Digital Camera (Body Only) - Black - READ,Parts Only 路 Canon EOS M 路 Mirrorless Interchangeable Lens,2892676.06,"Dec 16, 2020",30.0,https://i.ebayimg.com/thumbs/images/g/8HkAAOSwPRFfyoZQ/s-l225.webp
Canon EOS M50 24.1 MP Mirrorless Camera - White | Bundle with 3 lenses and more,Pre-Owned 路 Canon EOS M 路 Mirrorless Interchangeable Lens,9704225.35,"Dec 16, 2020",2.0,https://i.ebayimg.com/thumbs/images/g/9LoAAOSw5c5f0cbB/s-l225.webp
Canon EOS M50 24.1MP Mirrorless Digital Camera with 15-45mm STM Lens - Black,Pre-Owned 路 Canon EOS M 路 Mirrorless Interchangeable Lens,7605633.8,"Dec 16, 2020",N/A,https://i.ebayimg.com/thumbs/images/g/6n0AAOSwoShf0QoP/s-l225.webp
Canon m50,Open Box 路 Mirrorless Interchangeable Lens,9436619.72,"Dec 16, 2020",25.0,https://i.ebayimg.com/thumbs/images/g/SOAAAOSwMSxf0RDw/s-l225.webp
Canon EOS M50 Mirrorless Digital Camera With 15-45mm Lens WITH EXTRA 22 mm lens,Open Box 路 Canon EOS M 路 Mirrorless Interchangeable Lens,9154929.58,"Dec 16, 2020",N/A,https://i.ebayimg.com/thumbs/images/g/XdIAAOSwE3Bf18LV/s-l225.webp
Canon - EOS M50 Mirrorless Camera w/ EF-M 15-45mm f/3.5-6.3 IS STM Zoom Lens,PROBSTEIN123 is actively accepting CONSIGNMENTS !!,6718309.86,"Dec 15, 2020",64.0,https://i.ebayimg.com/thumbs/images/g/OfIAAOSwViVfotIM/s-l225.webp
"Canon EOS M50 EF-M15-45 lens PLUS case, SD Card, OPEN BOX - Excellent Condition",INCLUDES 13 MONTHS OF ACCIDENTAL DAMAGE PROTECTION,7464647.89,"Dec 15, 2020",N/A,https://i.ebayimg.com/thumbs/images/g/a0gAAOSwMSxf1wDg/s-l225.webp
Canon EOS M50 24.1MP Mirrorless Digital Camera with 15-45mm STM Lens - Black,Open Box 路 Canon EOS M 路 Mirrorless Interchangeable Lens,6985915.49,"Dec 15, 2020",9.0,https://i.ebayimg.com/thumbs/images/g/-04AAOSwvKZfz-Z5/s-l225.webp
CANON EOS M50 + CANON 15-45mm EFM ZOOM LENS,BOXED in EXCELLENT USED CONDITION & COMPLETE,9501752.11,"Dec 15, 2020",N/A,https://i.ebayimg.com/thumbs/images/g/6BAAAOSwvJ9f2MDx/s-l225.webp
Canon EOS M50 Mirrorless Digital Camera With 15-45mm Lens,Pre-Owned 路 Canon EOS M 路 Mirrorless Interchangeable Lens,6267605.63,"Dec 15, 2020",19.0,https://i.ebayimg.com/thumbs/images/g/r0oAAOSw5QNf0njW/s-l225.webp
Canon m50,Open Box 路 Mirrorless Interchangeable Lens,7323943.66,"Dec 14, 2020",N/A,https://i.ebayimg.com/thumbs/images/g/FnoAAOSwbtNf1Vmx/s-l225.webp
BRAND NEW IN BOX Canon EOS M50 Kit w/EF-M 15-45mm (Black) ,Brand New 路 Mirrorless Interchangeable Lens,9133802.82,"Dec 14, 2020",N/A,https://i.ebayimg.com/thumbs/images/g/vsMAAOSwKFhfrwF7/s-l225.webp
Canon eos m50 bundle,Pre-Owned 路 Canon EOS M 路 Mirrorless Interchangeable Lens,11267605.63,"Dec 14, 2020",N/A,https://i.ebayimg.com/thumbs/images/g/sLwAAOSw3XBf16Rb/s-l225.webp
Canon EOS M50 24.1MP Mirrorless Digital Camera with 15-45mm STM Lens - Black,Open Box 路 Canon EOS M 路 Mirrorless Interchangeable Lens,7323943.66,"Dec 13, 2020",3.0,https://i.ebayimg.com/thumbs/images/g/TVYAAOSwjN5fxGYM/s-l225.webp
 Canon EOS M50 Mirrorless EF-M APS-C Camera - Black (Body Only) New,Brand New 路 Canon EOS M 路 Mirrorless Interchangeable Lens,7450704.23,"Dec 13, 2020",N/A,https://i.ebayimg.com/thumbs/images/g/njAAAOSwVrNf0DtW/s-l225.webp
Canon EOS M50 Mirrorless Digital Camera With 15-45mm Lens,Pre-Owned 路 Canon EOS M 路 Mirrorless Interchangeable Lens,7366197.18,"Dec 13, 2020",31.0,https://i.ebayimg.com/thumbs/images/g/ydwAAOSwtmhfzZbS/s-l225.webp
cannon eos m50 / 15 45 Lens / 50 1.8 / Ef To Efm Adapter /3 Batteries & Charger,Pre-Owned 路 Mirrorless Interchangeable Lens,8355323.94,"Dec 13, 2020",8.0,https://i.ebayimg.com/thumbs/images/g/2YYAAOSwy79f0BEi/s-l225.webp
Mint Condition Canon EOS M50 Mirrorless Digital Camera with 15-45mm Lens - Black,Pre-Owned 路 Mirrorless Interchangeable Lens 路 Canon EOS,9715492.96,"Dec 13, 2020",N/A,https://i.ebayimg.com/thumbs/images/g/7DIAAOSwYHFfykcI/s-l225.webp
"Canon EOS M50 Camera with EF-M 15-45mm Lens and Accessory Pack OVP, nearly new",New (Other) 路 Canon,7514080.99,"Dec 13, 2020",3.0,https://i.ebayimg.com/thumbs/images/g/FgsAAOSwmGNfzTRJ/s-l225.webp
Canon EOS M50 Mirrorless Camera Vloggers Kit,Pre-Owned 路 Mirrorless Interchangeable Lens 路 Canon EOS M,12824450.7,"Dec 13, 2020",18.0,https://i.ebayimg.com/thumbs/images/g/n9sAAOSwckFfzTZB/s-l225.webp
Canon EOS M50 Black + EF-M 15-45mm IS STM + EF-M 55-200mm IS STM SHP 68791,Pre-Owned 路 Markenlos,11228524.65,"Dec 13, 2020",N/A,https://i.ebayimg.com/thumbs/images/g/td4AAOSwoZBf03ic/s-l225.webp
"Canon EOS M50 24.1MP EF-M 15-45 STM Lens Accessory Bundle Bag, 32GB SanDisk",Pre-Owned 路 SanDisk,6798454.23,"Dec 13, 2020",N/A,https://i.ebayimg.com/thumbs/images/g/xTcAAOSwnNtf1e~q/s-l225.webp
"Canon EOS M50 24.1MP Mirrorless Digital Camera ,Canon 15-45 Kit Lens & More",Pre-Owned 路 Canon EOS M 路 Mirrorless Interchangeable Lens,7042253.52,"Dec 13, 2020",N/A,https://i.ebayimg.com/thumbs/images/g/ONcAAOSwQJlf1MLT/s-l225.webp
"Canon EOS M50 24.1MP EF-M 15-45mm Lens, WARRANTY, neuwerig","32GB SanDisk Ultra, 3 batteries, Meike EF-S Adapter",7854855.63,"Dec 13, 2020",56.0,https://i.ebayimg.com/thumbs/images/g/OlAAAOSwq-dfy6QN/s-l225.webp
Canon EOS M50 24.1MP Mirrorless Digital Camera with 15-45mm STM Lens - Black,Open Box 路 Canon EOS M 路 Mirrorless Interchangeable Lens,6197183.1,"Dec 13, 2020",4.0,https://i.ebayimg.com/thumbs/images/g/imkAAOSwnclfzQnG/s-l225.webp
Canon EOS M50 System Camera spiegellos + Accessory Pack,Pre-Owned 路 Canon,7667429.58,"Dec 13, 2020",24.0,https://i.ebayimg.com/thumbs/images/g/C8kAAOSw9uhfzMrJ/s-l225.webp
Canon EOS M50 Mirrorless Digital Camera (Body Only),Pre-Owned 路 Mirrorless Interchangeable Lens 路 Canon EOS,7383774.65,"Dec 12, 2020",17.0,https://i.ebayimg.com/thumbs/images/g/XC0AAOSwjkFfx9JT/s-l225.webp
Canon EOS M50 Mirrorless Digital Camera with 15-45mm EF-M IS STM Lens Black,Open Box 路 Canon EOS 路 Mirrorless Interchangeable Lens,7253521.13,"Dec 12, 2020",24.0,https://i.ebayimg.com/thumbs/images/g/98oAAOSwKU9fy6wu/s-l225.webp
Canon EOS M50 body/chassis,New (Other) 路 Canon,6730299.3,"Dec 12, 2020",N/A,https://i.ebayimg.com/thumbs/images/g/5VsAAOSwjJdf09HL/s-l225.webp
Canon EOS M50 Mirrorless Digital Camera EF-M 15-45mm IS STM Lens in Black UK New,Brand New 路 Mirrorless Interchangeable Lens 路 Canon EOS,11269971.83,"Dec 11, 2020",N/A,https://i.ebayimg.com/thumbs/images/g/yv4AAOSw8XRf0mr-/s-l225.webp
Canon EOS M50 Camera Body Black + 3 Lens Kit 15-45mm IS STM+ 32GB + Flash & More,Brand New 路 Canon EOS 路 Mirrorless Interchangeable Lens,6690140.85,"Dec 11, 2020",N/A,https://i.ebayimg.com/thumbs/images/g/MjMAAOSwD8Ff1FGm/s-l225.webp
Canon EOS M50 24.1MP Mirrorless Digital Camera with 15-45mm STM Lens - Black,Pre-Owned 路 Canon EOS M 路 Mirrorless Interchangeable Lens,7183098.59,"Dec 11, 2020",N/A,https://i.ebayimg.com/thumbs/images/g/hIwAAOSwildf0pc2/s-l225.webp
Canon EOS M50 24.1MP Mirrorless Digital Camera W/ 15-45mm STM and extras !!!!,Pre-Owned 路 Canon EOS M 路 Mirrorless Interchangeable Lens,9859014.08,"Dec 11, 2020",N/A,https://i.ebayimg.com/thumbs/images/g/RqMAAOSwQOdf0X0b/s-l225.webp
Canon EOS M50 Mirrorless Digital Camera with 15-45mm Lens + extra Battery,Pre-Owned 路 Mirrorless Interchangeable Lens 路 Canon EOS,8355323.94,"Dec 11, 2020",18.0,https://i.ebayimg.com/thumbs/images/g/g~8AAOSwaJ9fzSNj/s-l225.webp
Canon EOS M50 24.1MP Mirrorless Digital Camera with 15-45mm STM Lens - Black,Pre-Owned 路 Canon EOS M 路 Mirrorless Interchangeable Lens,6338028.17,"Dec 11, 2020",N/A,https://i.ebayimg.com/thumbs/images/g/qYAAAOSwq~Nf0s~H/s-l225.webp
Canon EOS M50 Body-Black,New (Other) 路 Canon,8093397.89,"Dec 11, 2020",N/A,https://i.ebayimg.com/thumbs/images/g/x8kAAOSwj0tfr6GA/s-l225.webp
Canon EOS M50 24.1MP Mirrorless Digital Camera with 15-45mm STM Lens - BUNDLE,Pre-Owned 路 Canon EOS M 路 Mirrorless Interchangeable Lens,8450704.23,"Dec 11, 2020",N/A,https://i.ebayimg.com/thumbs/images/g/-v4AAOSwcwlfri1G/s-l225.webp
canon eos m50 mirrorless camera,Brand New 路 Mirrorless Interchangeable Lens,9715492.96,"Dec 11, 2020",N/A,https://i.ebayimg.com/thumbs/images/g/sYcAAOSw9-9fzOpl/s-l225.webp
Canon EOS M50 24.1MP Mirrorless Digital Camera with 15-45mm STM Lens - Black,Pre-Owned 路 Canon EOS M 路 Mirrorless Interchangeable Lens,5760563.38,"Dec 11, 2020",N/A,https://i.ebayimg.com/thumbs/images/g/EFQAAOSwqARf0wcl/s-l225.webp
Canon EOS M50 24.1MP DSLR Camera Kit with EF-M 15-45mm Lens,Pre-Owned 路 Canon,8348126.94,"Dec 10, 2020",N/A,https://i.ebayimg.com/thumbs/images/g/As4AAOSwy~Jf0HNu/s-l225.webp
Canon - EOS M50 Mirrorless Camera w/ EF-M 15-45mm f/3.5-6.3 IS STM Zoom Lens,PROBSTEIN123 is actively accepting CONSIGNMENTS !!,6690140.85,"Dec 10, 2020",51.0,https://i.ebayimg.com/thumbs/images/g/ssYAAOSwcwlfyVjA/s-l225.webp
Canon - EOS M50 Mirrorless Camera w/ EF-M 15-45mm f/3.5-6.3 IS STM Zoom Lens,PROBSTEIN123 is actively accepting CONSIGNMENTS !!,6830985.92,"Dec 10, 2020",56.0,https://i.ebayimg.com/thumbs/images/g/OfIAAOSwViVfotIM/s-l225.webp
Canon - EOS M50 Mirrorless Camera w/ EF-M 15-45mm f/3.5-6.3 IS STM Zoom Lens,PROBSTEIN123 is actively accepting CONSIGNMENTS !!,6760563.38,"Dec 10, 2020",46.0,https://i.ebayimg.com/thumbs/images/g/OfIAAOSwViVfotIM/s-l225.webp
Canon - EOS M50 Mirrorless Camera w/ EF-M 15-45mm f/3.5-6.3 IS STM Zoom Lens,PROBSTEIN123 is actively accepting CONSIGNMENTS !!,6619718.31,"Dec 10, 2020",70.0,https://i.ebayimg.com/thumbs/images/g/OfIAAOSwViVfotIM/s-l225.webp
Canon EOS M50 24.1MP Mirrorless Digital Camera with 15-45mm STM Lens - Black,Open Box 路 Canon EOS M 路 Mirrorless Interchangeable Lens,7405211.27,"Dec 10, 2020",N/A,https://i.ebayimg.com/thumbs/images/g/3EgAAOSwbOVexNS0/s-l225.webp
"Canon EOS M50 Mirrorless Digital Camera 24MP w/ 15-45mm Lens, Battery, 32GB sd",Pre-Owned 路 Canon EOS M 路 Mirrorless Interchangeable Lens,6549295.77,"Dec 10, 2020",4.0,https://i.ebayimg.com/thumbs/images/g/IEsAAOSwk-pfyXr9/s-l225.webp
Canon EOS M50 24.1MP Mirrorless Digital Camera with 15-45mm STM Lens - Black,Pre-Owned 路 Canon EOS M 路 Mirrorless Interchangeable Lens,6056338.03,"Dec 10, 2020",N/A,https://i.ebayimg.com/thumbs/images/g/01sAAOSwTtVf0Yr1/s-l225.webp
Canon EOS M50 Camera Kit Ideal Christmas Gift,Pre-Owned 路 Canon,11671531.69,"Dec 10, 2020",N/A,https://i.ebayimg.com/thumbs/images/g/YTEAAOSwApxfz3cL/s-l225.webp
Canon EOS M50 24.1MP Mirrorless Digital Camera with 15-45mm STM Lens + 22mm,Pre-Owned 路 Canon EOS M 路 Mirrorless Interchangeable Lens,8450704.23,"Dec 10, 2020",N/A,https://i.ebayimg.com/thumbs/images/g/GSsAAOSwW0BfzH-Z/s-l225.webp
Canon EOS M50 System Camera with Accessory Pack NEW & OVP,Brand New 路 Canon,8502327.46,"Dec 10, 2020",N/A,https://i.ebayimg.com/thumbs/images/g/ohAAAOSw7elfy6CD/s-l225.webp
Canon EOS M50 Mirrorless Digital Camera with 15-45mm EF-M IS STM Lens Black,Brand New,5757366.76,"Dec 10, 2020",69.0,https://i.ebayimg.com/thumbs/images/g/weUAAOSwsFdfvO1w/s-l225.webp
Canon EOS M50 Mirrorless Digital Camera with 15-45mm EF-M IS STM Lens Black1,Brand New,5646648.17,"Dec 10, 2020",99.0,https://i.ebayimg.com/thumbs/images/g/weUAAOSwsFdfvO1w/s-l225.webp
Canon EOS M50 Mirrorless Camera - Black,Pre-Owned 路 Canon EOS M 路 Mirrorless Interchangeable Lens,7183098.59,"Dec 9, 2020",18.0,https://i.ebayimg.com/thumbs/images/g/~qUAAOSwDiZfyEDv/s-l225.webp
Canon EOS M50 24.1MP Mirrorless Digital Camera with 15-45mm STM Lens - Black,Open Box 路 Canon EOS M 路 Mirrorless Interchangeable Lens,6690140.85,"Dec 9, 2020",N/A,https://i.ebayimg.com/thumbs/images/g/U90AAOSw6Hdf0RIo/s-l225.webp
Canon EOS M50 24.1MP Mirrorless Digital Camera W/ 15-45mm STM Lens ,Pre-Owned 路 Canon EOS M 路 Mirrorless Interchangeable Lens,7028169.01,"Dec 9, 2020",N/A,https://i.ebayimg.com/thumbs/images/g/ia8AAOSwRtlfzsEZ/s-l225.webp
Canon EOS M50 Mirrorless Digital Camera with 15-45mm Lens - Black (2680C011),New (Other) 路 Mirrorless Interchangeable Lens 路 Canon EOS,7772394.37,"Dec 9, 2020",N/A,https://i.ebayimg.com/thumbs/images/g/wu0AAOSwbV9f0NdD/s-l225.webp
Canon EOS M50 24.1MP DSLR Camera Kit with EF-M 15-45mm Lens NEW,Brand New 路 Canon,8774095.25,"Dec 9, 2020",N/A,https://i.ebayimg.com/thumbs/images/g/7YIAAOSwigpf3Kui/s-l225.webp
Canon EOS M50 Mirrorless camera - Body only,Pre-Owned 路 Mirrorless Interchangeable Lens 路 Canon EOS M,7772394.37,"Dec 8, 2020",N/A,https://i.ebayimg.com/thumbs/images/g/JMsAAOSw0xBfnvJp/s-l225.webp
Canon EOS M50 Mirrorless Digital Camera With 15-45mm Lens,Brand New 路 Canon EOS M 路 Mirrorless Interchangeable Lens,7042112.68,"Dec 8, 2020",N/A,https://i.ebayimg.com/thumbs/images/g/kRUAAOSw9-Jf0EcQ/s-l225.webp
Canon - EOS M50 Mirrorless Camera with EF-M 15-45mm f/3.5-6.3 IS STM Zoom Lens,Brand New 路 Canon EOS M 路 Mirrorless Interchangeable Lens,7774647.89,"Dec 8, 2020",5.0,https://i.ebayimg.com/thumbs/images/g/bc0AAOSwbAVfxxY9/s-l225.webp
Canon EOS M50 4k Mirrorless Digital Camera w/ 15-45mm STM Lens + extras! - Black,Pre-Owned 路 Canon EOS M 路 Mirrorless Interchangeable Lens,8098591.55,"Dec 8, 2020",2.0,https://i.ebayimg.com/thumbs/images/g/4zMAAOSwNM1fxsbZ/s-l225.webp
Canon EOS M50 24.1MP Mirrorless Digital Camera with 15-45mm STM Lens - Black,Pre-Owned 路 Canon EOS M 路 Mirrorless Interchangeable Lens,7200140.85,"Dec 8, 2020",12.0,https://i.ebayimg.com/thumbs/images/g/t1YAAOSwwiFfxsWS/s-l225.webp
Canon EOS M50 24.1MP Mirrorless Digital Camera With 15-45mm STM Len,Pre-Owned 路 Canon EOS M 路 Mirrorless Interchangeable Lens,7028169.01,"Dec 8, 2020",N/A,https://i.ebayimg.com/thumbs/images/g/syQAAOSw4-Rfzy2s/s-l225.webp
"New Canon EOS M50 Mirrorless Camera + Speed Light, EF Adaptor & Steady Power",Brand New 路 Canon EOS 路 Mirrorless Interchangeable Lens,8732394.37,"Dec 8, 2020",51.0,https://i.ebayimg.com/thumbs/images/g/40MAAOSwc1Ffy9ve/s-l225.webp
Canon EOS M50 Mirrorless Digital Camera with 15-45mm EF-M IS STM Lens Black,Open Box 路 Canon EOS 路 Mirrorless Interchangeable Lens,7394225.35,"Dec 8, 2020",N/A,https://i.ebayimg.com/thumbs/images/g/fgUAAOSw83FfSFuc/s-l225.webp
Canon EOS M50 Mirrorless Camera,Pre-Owned 路 Mirrorless Interchangeable Lens,11133954.93,"Dec 8, 2020",6.0,https://i.ebayimg.com/thumbs/images/g/z2cAAOSwm1Nfxkq2/s-l225.webp
Canon EOS M50 24.1MP Mirrorless Digital Camera with 15-45mm * free shipping  *,Open Box 路 Canon EOS M 路 Mirrorless Interchangeable Lens,6830985.92,"Dec 8, 2020",10.0,https://i.ebayimg.com/thumbs/images/g/SHEAAOSwSXdfxksD/s-l225.webp
Canon EOS M50 Mirrorless Digital Camera (Body Only) - Black - READ,Parts Only 路 Canon EOS M 路 Mirrorless Interchangeable Lens,3485915.49,"Dec 7, 2020",23.0,https://i.ebayimg.com/thumbs/images/g/8HkAAOSwPRFfyoZQ/s-l225.webp
98% Canon EOS M50 Digital Camera +gift - Black (Kit with 15-45mm f/3.5-6.3 IS...,New (Other) 路 Canon 路 Mirrorless Interchangeable Lens,7507880.28,"Dec 7, 2020",N/A,https://i.ebayimg.com/thumbs/images/g/aT4AAOSwTnpfzWUk/s-l225.webp
Canon EOS M50 Mirrorless Digital Camera With 15-45mm Lens (International Model),Open Box 路 Canon EOS M 路 Mirrorless Interchangeable Lens,7042253.52,"Dec 7, 2020",22.0,https://i.ebayimg.com/thumbs/images/g/VGMAAOSwvWFfxZFM/s-l225.webp
Canon EOS M50 24.1MP + 15-45mm Lens and interesting accessory pack!,Pre-Owned 路 Canon,9388341.55,"Dec 7, 2020",17.0,https://i.ebayimg.com/thumbs/images/g/Ym0AAOSw7Q1fxVRB/s-l225.webp
"Canon EOS M50 with 11-22mm lens, spare battery and great accessories package",Pre-Owned 路 Canon,13648024.65,"Dec 7, 2020",22.0,https://i.ebayimg.com/thumbs/images/g/IvgAAOSw-11fxTtH/s-l225.webp
canon eos m50 mirrorless camera,Brand New 路 Mirrorless Interchangeable Lens,9715492.96,"Dec 7, 2020",N/A,https://i.ebayimg.com/thumbs/images/g/YeoAAOSwWplfzOuA/s-l225.webp
Canon EOS M50 24.1MP Mirrorless Digital Camera with 15-45mm STM Lens - Black,Open Box 路 Canon EOS M 路 Mirrorless Interchangeable Lens,8450704.23,"Dec 7, 2020",N/A,https://i.ebayimg.com/thumbs/images/g/AWwAAOSwwO9fleQT/s-l225.webp
canon eos m50 mirrorless camera Bundle!,Pre-Owned 路 Mirrorless Interchangeable Lens,9715492.96,"Dec 7, 2020",N/A,https://i.ebayimg.com/thumbs/images/g/Mo8AAOSwlvpfzVI9/s-l225.webp
Canon EOS M50 Digital Camera with 15-45mm lens Black Kit,Refurbished 路 Canon EOS M 路 Mirrorless Interchangeable Lens,8859154.93,"Dec 6, 2020",N/A,https://i.ebayimg.com/thumbs/images/g/XHsAAOSwUSRca7A9/s-l225.webp
Canon EOS M50 24.1MP Mirrorless Digital Camera with 15-45mm STM Lens - Black,Open Box 路 Canon EOS M 路 Mirrorless Interchangeable Lens,7183098.59,"Dec 6, 2020",3.0,https://i.ebayimg.com/thumbs/images/g/TVYAAOSwjN5fxGYM/s-l225.webp
Canon EOS M50 24.1 MP Mirrorless Camera with EF-M 15-45mm Vlog Bundle! ヰ,Pre-Owned 路 Canon EOS M 路 Mirrorless Interchangeable Lens,7605633.8,"Dec 6, 2020",12.0,https://i.ebayimg.com/thumbs/images/g/dSgAAOSwusBfxBbN/s-l225.webp
Canon EOS M50 Mirrorless Camera White Kit Bonus Batteries & Charger & Insurance,Open Box 路 Canon EOS M 路 Mirrorless Interchangeable Lens,8380281.69,"Dec 6, 2020",N/A,https://i.ebayimg.com/thumbs/images/g/yXEAAOSwLndfxm4G/s-l225.webp
Canon EOS M50 24.1MP Mirrorless Digital Camera with x 15-45mm STM Lens - Black,Brand New 路 Canon EOS M 路 Mirrorless Interchangeable Lens,8449154.93,"Dec 6, 2020",N/A,https://i.ebayimg.com/thumbs/images/g/ApIAAOSwZaRfxd0e/s-l225.webp
Canon EOS M50 Camera - Black (15-45mm f/3.5-6.3 & Case & Tripod & Ext Rode Mic),New (Other) 路 Canon 路 Mirrorless Interchangeable Lens,9140028.17,"Dec 5, 2020",14.0,https://i.ebayimg.com/thumbs/images/g/ZkwAAOSwCp1fwvW5/s-l225.webp
Canon EOS M50 24.1MP with EF-M 15-45mm f/3.5-6.3 IS STM Lens,Pre-Owned 路 Canon,7786700.7,"Dec 5, 2020",36.0,https://i.ebayimg.com/thumbs/images/g/900AAOSww0tfwtWz/s-l225.webp
Canon EOS M50 with Accessory Pack NEW & OVP,Brand New 路 Canon,9354264.08,"Dec 5, 2020",N/A,https://i.ebayimg.com/thumbs/images/g/VDkAAOSwNDFfyiop/s-l225.webp
Canon EOS M50 Mirrorless Camera - Black (Body Only),Pre-Owned 路 Canon EOS M 路 Mirrorless Interchangeable Lens,5352112.68,"Dec 4, 2020",8.0,https://i.ebayimg.com/thumbs/images/g/g7oAAOSw-lVfwYVb/s-l225.webp
"Canon EOS M50 Mirrorless Digital Camera w/ 15-45mm Lens, Battery, 32GB sd & Mic",Pre-Owned 路 Canon EOS M 路 Mirrorless Interchangeable Lens,6760563.38,"Dec 4, 2020",49.0,https://i.ebayimg.com/thumbs/images/g/av4AAOSwE~RfwVI5/s-l225.webp
Canon EOS M50 + Top (232799),Pre-Owned 路 Digital SLR 路 Canon EOS,8554880.17,"Dec 4, 2020",N/A,https://i.ebayimg.com/thumbs/images/g/fd8AAOSwC2tfrWtF/s-l225.webp
Canon EOS M50 24.1MP with 15-45mm STM Lens  AND EF-EOS Adaptor Bundle Pictured,Pre-Owned 路 Canon EOS M 路 Mirrorless Interchangeable Lens,6971830.99,"Dec 3, 2020",16.0,https://i.ebayimg.com/thumbs/images/g/~scAAOSw3zJfxX7c/s-l225.webp
Canon EOS M50 24.1MP Mirrorless with 15-45mm STM Lens,Open Box 路 Canon EOS M 路 Mirrorless Interchangeable Lens,7042253.52,"Dec 3, 2020",14.0,https://i.ebayimg.com/thumbs/images/g/MLgAAOSwxwdftzPB/s-l225.webp
"Canon M50 Mirrorless Digital Camera EF-M 15-45mm IS STM Lens, HD 4K -Vari-Angle ",Brand New 路 Canon 路 Digital SLR,5220805.86,"Dec 3, 2020",N/A,https://i.ebayimg.com/thumbs/images/g/tPEAAOSwNmVfxZzR/s-l225.webp
Canon EOS M50 Mirrorless Camera & 15-45mm f/3.5-6. Lens and EF to EF-M Adapter,Pre-Owned 路 Canon EOS 路 Mirrorless Interchangeable Lens,7650140.85,"Dec 2, 2020",N/A,https://i.ebayimg.com/thumbs/images/g/BtYAAOSwvG9fw0zt/s-l225.webp
Canon M50 Camera with 15-45mm STM Lens w/ 2 Extra batteries,Pre-Owned 路 Mirrorless Interchangeable Lens,6535211.27,"Dec 2, 2020",N/A,https://i.ebayimg.com/thumbs/images/g/AJEAAOSwrptfyDdR/s-l225.webp
Canon EOS M50 Mirror less Camera with 15-45mm Lens and Tripod ,Pre-Owned 路 Mirrorless Interchangeable Lens 路 Canon EOS,9909802.82,"Dec 2, 2020",7.0,https://i.ebayimg.com/thumbs/images/g/jDUAAOSwPYNfvrpx/s-l225.webp
Canon EOS M50 Mirrorless Camera - Black Full Gear Kit USED GREAT CONDITION,Pre-Owned 路 Canon EOS M 路 Mirrorless Interchangeable Lens,8028169.01,"Dec 2, 2020",7.0,https://i.ebayimg.com/thumbs/images/g/J7wAAOSwJiBfvrPG/s-l225.webp
Canon EOS M50 Mirrorless Camera - 15-45mm and 50mm f/ 1.8 Lens With Adapter,Pre-Owned 路 Canon EOS M 路 Mirrorless Interchangeable Lens,8380281.69,"Dec 2, 2020",N/A,https://i.ebayimg.com/thumbs/images/g/TLUAAOSwiGRfxaNf/s-l225.webp
Canon EOS M50 Mirrorless Digital Camera with 15-45mm Lens - Black (2680C011),New (Other) 路 Mirrorless Interchangeable Lens 路 Canon EOS,8161014.08,"Dec 2, 2020",N/A,https://i.ebayimg.com/thumbs/images/g/tEcAAOSwvLJdYoIK/s-l225.webp
Canon EOS M50 24.1MP Mirrorless Digital Camera with 15-45mm STM Lens - Black,Open Box 路 Canon EOS M 路 Mirrorless Interchangeable Lens,8760563.38,"Dec 1, 2020",49.0,https://i.ebayimg.com/thumbs/images/g/XLMAAOSwVIZfvdw5/s-l225.webp
Canon EOS M50,Pre-Owned 路 Canon EOS M 路 Mirrorless Interchangeable Lens,5985211.27,"Dec 1, 2020",N/A,https://i.ebayimg.com/thumbs/images/g/UR4AAOSww3BfxntV/s-l225.webp
Canon EOS M50 Mirrorless Digital Camera with 15-45mm Lens - Black (2680C011),New (Other) 路 Mirrorless Interchangeable Lens 路 Canon EOS,9424028.17,"Dec 1, 2020",7.0,https://i.ebayimg.com/thumbs/images/g/SzMAAOSwpfBfvQhU/s-l225.webp
Canon EOS M50 24.1MP Mirrorless Camera Body EF-M15-45mm EF-M 55-200mm Carry Case,Pre-Owned 路 Canon EOS M 路 Mirrorless Interchangeable Lens,9436619.72,"Dec 1, 2020",10.0,https://i.ebayimg.com/thumbs/images/g/~s0AAOSw-gJfvWRj/s-l225.webp
Canon EOS M50 Mirrorless Digital Camera with 50mm and 15-45mm Lens + extras,Pre-Owned 路 Mirrorless Interchangeable Lens,11269971.83,"Dec 1, 2020",N/A,https://i.ebayimg.com/thumbs/images/g/f4wAAOSwOHhfw~9j/s-l225.webp
Canon EOS M50 24.0 MP 15-45mm f/3.5-6.3 IS STM Lens (3 YEAR WARRANTY) (3000 SC),Pre-Owned 路 Canon 路 Mirrorless Interchangeable Lens,8160739.44,"Dec 1, 2020",N/A,https://i.ebayimg.com/thumbs/images/g/TfkAAOSwjMFfw0Uw/s-l225.webp
Canon EOS M50 with Accessory Pack NEW & OVP,Brand New 路 Canon,9354264.08,"Dec 1, 2020",N/A,https://i.ebayimg.com/thumbs/images/g/kZ8AAOSwq7RfxXIO/s-l225.webp
Canon EOS M50 Mirrorless Digital Camera With 15-45mm Lens,Pre-Owned 路 Canon EOS M 路 Mirrorless Interchangeable Lens,6126760.56,"Nov 30, 2020",10.0,https://i.ebayimg.com/thumbs/images/g/raYAAOSwKP1fvHfb/s-l225.webp
Canon EOS M50 Mirrorless Camera - Black with Manfrotto Tri-Pod,Pre-Owned 路 Canon EOS M 路 Mirrorless Interchangeable Lens,7042253.52,"Nov 30, 2020",16.0,https://i.ebayimg.com/thumbs/images/g/0YcAAOSwwjhfvHIm/s-l225.webp
Canon - EOS M50 Mirrorless Camera with EF-M 15-45mm f/3.5-6.3 IS STM Zoom Lens,Open Box 路 Canon EOS 路 Mirrorless Interchangeable Lens,7042253.52,"Nov 30, 2020",8.0,https://i.ebayimg.com/thumbs/images/g/3vMAAOSw0t9fw~Jt/s-l225.webp
Canon EOS M50 Mirrorless Digital Camera with 15-45mm Lens Black ,New (Other) 路 Mirrorless Interchangeable Lens 路 Canon EOS,9715492.96,"Nov 30, 2020",40.0,https://i.ebayimg.com/thumbs/images/g/6ygAAOSwS3pfvsAi/s-l225.webp
Canon EOS M50 24.1MP Mirrorless Digital Camera with 15-45mm STM Lens - Black,Open Box 路 Canon EOS M 路 Mirrorless Interchangeable Lens,6830985.92,"Nov 30, 2020",24.0,https://i.ebayimg.com/thumbs/images/g/YcgAAOSw8JRfwV4F/s-l225.webp
Canon EOS M50 24.1MP Mirrorless Digital Camera with 15-45mm STM Lens - Black,Brand New 路 Canon EOS M 路 Mirrorless Interchangeable Lens,6267605.63,"Nov 30, 2020",24.0,https://i.ebayimg.com/thumbs/images/g/4FUAAOSwht1fwVMZ/s-l225.webp
Canon M50 w/ 15-45mm Lens + More Accessories,Pre-Owned 路 Mirrorless Interchangeable Lens,7197183.1,"Nov 29, 2020",6.0,https://i.ebayimg.com/thumbs/images/g/PzQAAOSwht1fscSt/s-l225.webp
Canon EOS M50 24.1MP DSLR Camera with EF-M 15-45mm f/3.5-6.3 IS STM Lens...,Pre-Owned,6815492.96,"Nov 29, 2020",N/A,https://i.ebayimg.com/thumbs/images/g/unoAAOSwcbhfxAcs/s-l225.webp
"Canon EOS M50 Mirrorless Camera Body - Black,with Extras ! Great Holiday Gift",Pre-Owned 路 Canon EOS M 路 Mirrorless Interchangeable Lens,5633802.82,"Nov 29, 2020",8.0,https://i.ebayimg.com/thumbs/images/g/8a4AAOSw27dfvXMT/s-l225.webp
Canon EOS M50 Mirrorless Digital Camera with 15-45mm Lens | Excellent Condition,Pre-Owned 路 Mirrorless Interchangeable Lens 路 Canon EOS,8743943.66,"Nov 29, 2020",7.0,https://i.ebayimg.com/thumbs/images/g/4ZQAAOSwecZfuq6~/s-l225.webp
Canon eos m50 mirrorless digital camera 18-150 mm lens bundle Rode microphone ,Pre-Owned 路 Canon EOS M 路 Mirrorless Interchangeable Lens,9436619.72,"Nov 29, 2020",14.0,https://i.ebayimg.com/thumbs/images/g/GpIAAOSwT3hfwSrh/s-l225.webp
Canon EOS M50 Mirrorless Digital Camera With 15-45mm Lens,Pre-Owned 路 Canon EOS M 路 Mirrorless Interchangeable Lens,6492816.9,"Nov 29, 2020",9.0,https://i.ebayimg.com/thumbs/images/g/raYAAOSwKP1fvHfb/s-l225.webp
Canon EOS M50 24.0 MP Digital Camera - Black (Kit with 15-45mm f/3.5-6.3 IS STM,Brand New 路 Canon 路 Mirrorless Interchangeable Lens,6898545.07,"Nov 29, 2020",4.0,https://i.ebayimg.com/thumbs/images/g/GpIAAOSwnEFfvMh~/s-l225.webp
Canon EOS M50 with EF-M 15-45mm f/3.5-6.3 IS STM and great accessories package; Macro,Pre-Owned 路 Canon,8860140.85,"Nov 28, 2020",29.0,https://i.ebayimg.com/thumbs/images/g/Az8AAOSw5JdfuW-u/s-l225.webp
Canon EOS M50 Kit System Camera 24.1 megapixels with Lens New,Brand New 路 Canon,10887750.0,"Nov 28, 2020",N/A,https://i.ebayimg.com/thumbs/images/g/hTgAAOSwhX1fwYRC/s-l225.webp
Canon EOS M50 24.1MP Mirrorless Digital Camera with 15-45mm STM Lens - Black,Open Box 路 Canon EOS M 路 Mirrorless Interchangeable Lens,7042253.52,"Nov 28, 2020",N/A,https://i.ebayimg.com/thumbs/images/g/3EgAAOSwbOVexNS0/s-l225.webp
Canon EOS M50 24.1MP Mirrorless Digital Camera with 15-45mm STM Lens - Black,Pre-Owned 路 Canon EOS M 路 Mirrorless Interchangeable Lens,6830985.92,"Nov 27, 2020",16.0,https://i.ebayimg.com/thumbs/images/g/0pIAAOSweR9fuGYX/s-l225.webp
(Open Box) Canon EOS M50 Mirrorless EF-M APS-C Camera - Black (Body Only),Open Box 路 Canon EOS M 路 Mirrorless Interchangeable Lens,6760563.38,"Nov 27, 2020",N/A,https://i.ebayimg.com/thumbs/images/g/GuQAAOSwFvVfldbZ/s-l225.webp
Canon - EOS M50 Mirrorless Camera with EF-M 15-45mm f/3.5-6.3 IS STM Zoom Lens,Open Box 路 Canon EOS 路 Mirrorless Interchangeable Lens,6830985.92,"Nov 27, 2020",12.0,https://i.ebayimg.com/thumbs/images/g/xEIAAOSwGqFfvT4z/s-l225.webp
"Canon EOS M50 24.1MP Mirrorless Camera with Kit Lens, 50 1.8 stm, adapter & More",Pre-Owned 路 Canon EOS M 路 Mirrorless Interchangeable Lens,7746338.03,"Nov 27, 2020",N/A,https://i.ebayimg.com/thumbs/images/g/BS0AAOSwnKlftpwa/s-l225.webp
Canon EOS M50 Mirrorless Digital Camera with 15-45mm EF-M IS STM Lens Black1,Brand New,5978803.94,"Nov 27, 2020",86.0,https://i.ebayimg.com/thumbs/images/g/weUAAOSwsFdfvO1w/s-l225.webp
Canon EOS M50 Mirrorless Digital Camera with 15-45mm EF-M IS STM Lens Black,Brand New,5702007.46,"Nov 27, 2020",87.0,https://i.ebayimg.com/thumbs/images/g/weUAAOSwsFdfvO1w/s-l225.webp
Canon EOS M50 24.1 MP Mirrorless Camera - RARE White Body - Kit Case Extras,Pre-Owned 路 Canon EOS M 路 Mirrorless Interchangeable Lens,6830985.92,"Nov 26, 2020",N/A,https://i.ebayimg.com/thumbs/images/g/mGoAAOSwutVfvtYz/s-l225.webp
*SEALED* Canon EOS M50 Mirrorless Camera Kit with EF-M 15-45mm Lens,Brand New,6643115.49,"Nov 26, 2020",N/A,https://i.ebayimg.com/thumbs/images/g/WQcAAOSwimhfwBVc/s-l225.webp
"Canon EOS M50 Kit System Camera 24.1 megapixels with Lens 15-45 mm, 55-200 MM",Brand New 路 Canon,12591623.24,"Nov 26, 2020",N/A,https://i.ebayimg.com/thumbs/images/g/iPwAAOSwildfmy~k/s-l225.webp
Canon EOS M50 15-45mm lens tripod Microphone 64 gb cardvlogger kit canon m50,Pre-Owned 路 Mirrorless Interchangeable Lens,11794608.45,"Nov 26, 2020",6.0,https://i.ebayimg.com/thumbs/images/g/88oAAOSwys9fuPhZ/s-l225.webp
NEW Canon EOS M50 24.1MP Mirrorless Digital Camera with 15-45mm STM Lens - Black,Brand New 路 Canon EOS M 路 Mirrorless Interchangeable Lens,7042253.52,"Nov 26, 2020",N/A,https://i.ebayimg.com/thumbs/images/g/iaAAAOSw7Q1fvn3i/s-l225.webp
Canon EOS M50 Mirrorless Digital Camera Bundle with four lenses and camera strap,Pre-Owned 路 Digital SLR 路 Canon EOS,10881352.11,"Nov 26, 2020",N/A,https://i.ebayimg.com/thumbs/images/g/pjMAAOSw0jJfvXUF/s-l225.webp
Canon EOS M50 Mirrorless Digital Camera Bundle with four lenses and camera strap,Pre-Owned 路 Digital SLR 路 Canon EOS,10881352.11,"Nov 26, 2020",N/A,https://i.ebayimg.com/thumbs/images/g/pjMAAOSw0jJfvXUF/s-l225.webp
Canon M50 Digital Camera + 15-45mm Lens + Extras | EXCELLENT CONDITION!,New (Other),10104112.68,"Nov 26, 2020",18.0,https://i.ebayimg.com/thumbs/images/g/91EAAOSwJ7BftlSb/s-l225.webp
Canon M50 Digital Camera + 15-45mm Lens + Extras | EXCELLENT CONDITION!,New (Other),10123543.66,"Nov 26, 2020",19.0,https://i.ebayimg.com/thumbs/images/g/DK0AAOSwb7xftlFG/s-l225.webp
cannon eos m 50 black mint condition,Pre-Owned 路 Canon 路 Digital SLR,8160739.44,"Nov 25, 2020",N/A,https://i.ebayimg.com/thumbs/images/g/R5cAAOSwDwNfub5G/s-l225.webp
Canon EOS M50 Mirrorless Digital Camera with 15-45mm Lens + Accessories,Pre-Owned 路 Mirrorless Interchangeable Lens 路 Canon EOS,8938253.52,"Nov 25, 2020",7.0,https://i.ebayimg.com/thumbs/images/g/JuwAAOSwV2Nft4-B/s-l225.webp
Canon EOS M50 24.1MP Mirrorless Digital Camera with 15-45mm STM Lens - Black,Open Box 路 Canon EOS M 路 Mirrorless Interchangeable Lens,6056338.03,"Nov 25, 2020",7.0,https://i.ebayimg.com/thumbs/images/g/AfYAAOSwaxJfobeA/s-l225.webp
Canon EOS M50 24.1MP Mirrorless Digital Camera with 15-45mm STM Lens - Black,Pre-Owned 路 Canon EOS M 路 Mirrorless Interchangeable Lens,6408450.7,"Nov 24, 2020",5.0,https://i.ebayimg.com/thumbs/images/g/1YIAAOSwOHhftoE1/s-l225.webp
Canon EOS M50 24.1MP Mirrorless Digital Camera with 15-45mm STM Lens - Black,Pre-Owned 路 Canon EOS M 路 Mirrorless Interchangeable Lens,6338028.17,"Nov 23, 2020",N/A,https://i.ebayimg.com/thumbs/images/g/T~UAAOSw7yxfuXYN/s-l225.webp
Canon EOS M50 Mirrorless Digital Camera BODY ONLY - UK Model,Brand New 路 Mirrorless Interchangeable Lens,15447633.8,"Nov 23, 2020",N/A,https://i.ebayimg.com/thumbs/images/g/cwUAAOSw79VfpI2J/s-l225.webp
"Canon EOS M50 System Camera, Lens 15-45mm, Wi-Fi, White, Like New",Pre-Owned 路 Canon,8348978.87,"Nov 23, 2020",N/A,https://i.ebayimg.com/thumbs/images/g/LHoAAOSwyKNfu6oj/s-l225.webp
Canon EOS M50 Mirrorless Digital Camera with 15-45mm Lens - Black ,New (Other) 路 Mirrorless Interchangeable Lens 路 Canon EOS,8355323.94,"Nov 23, 2020",10.0,https://i.ebayimg.com/thumbs/images/g/pWcAAOSw5T5fsvdv/s-l225.webp
Canon EOS M50 24.1MP Mirrorless Digital Camera with 15-45 w/ Viltrox Adapter,Pre-Owned 路 Canon EOS M 路 Mirrorless Interchangeable Lens,7042253.52,"Nov 23, 2020",N/A,https://i.ebayimg.com/thumbs/images/g/lOAAAOSwxsNfuxUw/s-l225.webp
Canon EOS M50 24.1MP Mirrorless Digital Camera with 15-45mm STM Lens with Extras,Pre-Owned 路 Canon EOS M 路 Mirrorless Interchangeable Lens,7183098.59,"Nov 22, 2020",35.0,https://i.ebayimg.com/thumbs/images/g/iA4AAOSwloxfsbs1/s-l225.webp
Canon EOS M50 with 15-45mm IS STM (+BOX) AND 49mm Gobe Variable ND Filter,Pre-Owned,8918822.54,"Nov 22, 2020",19.0,https://i.ebayimg.com/thumbs/images/g/DAYAAOSwkYpfrafQ/s-l225.webp
Canon EOS M50 Mirrorless Camera with EF-M 15-45mm lense - black,Pre-Owned 路 Mirrorless Interchangeable Lens,8530202.82,"Nov 22, 2020",N/A,https://i.ebayimg.com/thumbs/images/g/7n4AAOSwPbBfuqMx/s-l225.webp
Canon EOS M50 24.1 MP Mirrorless Camera +CarePAK PLUS+F-M 1545mm f/3.56.3 Lens,Brand New 路 Mirrorless Interchangeable Lens,9084507.04,"Nov 22, 2020",N/A,https://i.ebayimg.com/thumbs/images/g/21sAAOSwJxVfudgD/s-l225.webp
Canon EOS M50 extensive Set Including Camera,Pre-Owned 路 Canon,8025242.96,"Nov 22, 2020",8.0,https://i.ebayimg.com/thumbs/images/g/mO0AAOSwFE5fruiq/s-l225.webp
Canon EOS M50 24.1MP Mirrorless Digital Camera with 15-45mm STM Lens - Black,Open Box 路 Canon EOS M 路 Mirrorless Interchangeable Lens,6338028.17,"Nov 21, 2020",N/A,https://i.ebayimg.com/thumbs/images/g/1FwAAOSwTudfuZYr/s-l225.webp
Canon EOS M50 Mirrorless Digital Camera with 15-45mm Lens - Black (2680C011),New (Other) 路 Mirrorless Interchangeable Lens 路 Canon EOS,8355323.94,"Nov 21, 2020",N/A,https://i.ebayimg.com/thumbs/images/g/rmIAAOSww-tfuZ3P/s-l225.webp
Canon EOS M50 Mirrorless Digital Camera with 15-45mm Lens - Black (2680C011),New (Other) 路 Mirrorless Interchangeable Lens 路 Canon EOS,8161014.08,"Nov 21, 2020",N/A,https://i.ebayimg.com/thumbs/images/g/tEcAAOSwvLJdYoIK/s-l225.webp
 Canon EOS M50  15-45mm Mirrorless Digital Camera Kit Ef-M15-45 IS STM KIT,Brand New 路 Canon EOS M 路 Mirrorless Interchangeable Lens,7605633.8,"Nov 21, 2020",N/A,https://i.ebayimg.com/thumbs/images/g/3EgAAOSwbOVexNS0/s-l225.webp
Canon EOS M50 24.1MP Mirrorless Camera with 15-45mm Kit Lens + 50mm F1.8,Pre-Owned 路 Canon EOS M 路 Mirrorless Interchangeable Lens,8450704.23,"Nov 20, 2020",N/A,https://i.ebayimg.com/thumbs/images/g/xd4AAOSwp6xftciy/s-l225.webp
Canon eos m50 with 15-45mm lens and canon ef-s 18-200mm zoom lens and adapter ri,Pre-Owned 路 Mirrorless Interchangeable Lens,9696061.97,"Nov 20, 2020",N/A,https://i.ebayimg.com/thumbs/images/g/w4cAAOSwHTlfsRS~/s-l225.webp
"Canon EOS M50 24.1MP Mirrorless Camera with 15-45mm STM, 22mm STM lenses, extras",Pre-Owned 路 Canon EOS M 路 Mirrorless Interchangeable Lens,7605633.8,"Nov 20, 2020",31.0,https://i.ebayimg.com/thumbs/images/g/0KcAAOSwzcdfrYCi/s-l225.webp
Canon EOS M50 Mirrorless Digital Camera with 15-45mm Lens - Black,Pre-Owned 路 Mirrorless Interchangeable Lens 路 Canon EOS,10084681.69,"Nov 19, 2020",N/A,https://i.ebayimg.com/thumbs/images/g/-98AAOSwaQdfs9X2/s-l225.webp
Canon EOS M50 Mirrorless Digital Camera With 15-45mm Lens,Brand New,7750301.41,"Nov 19, 2020",N/A,https://i.ebayimg.com/thumbs/images/g/wFoAAOSwIFhfratI/s-l225.webp
"Canon EOS M50 Starter Kit (two lenses, two adapters, cage, extra batteries, etc)",Pre-Owned 路 Canon EOS M,10000000.0,"Nov 18, 2020",2.0,https://i.ebayimg.com/thumbs/images/g/Xi4AAOSwoP5frKxG/s-l225.webp
canon eos m50 Body And Lense Only,New (Other),8530202.82,"Nov 18, 2020",23.0,https://i.ebayimg.com/thumbs/images/g/mY0AAOSwbCRfrEdA/s-l225.webp
Canon eos M50 Mirrorless camera black,Open Box 路 Canon EOS M 路 Mirrorless Interchangeable Lens,6478873.24,"Nov 18, 2020",8.0,https://i.ebayimg.com/thumbs/images/g/P7cAAOSwPZhfrC00/s-l225.webp
"Canon EOS M50 WHITE With KIt Lense 15-45 EF-M, Batterys Chargers , Mic SD Etc!!",Pre-Owned 路 Compact 路 Canon EOS,11639160.56,"Nov 18, 2020",N/A,https://i.ebayimg.com/thumbs/images/g/T~8AAOSwpfxfqqdC/s-l225.webp
"Canon EOS M50 Mirrorless Camera Kit with EF-M 15-45mm Lens and 4K Video, Black",Refurbished 路 Canon EOS M 路 Mirrorless Interchangeable Lens,7408309.86,"Nov 17, 2020",N/A,https://i.ebayimg.com/thumbs/images/g/US4AAOSwispdgP0k/s-l225.webp
Canon M50 Digital Camera + 15-45mm Lens + Extras | EXCELLENT CONDITION!,New (Other),10395577.46,"Nov 17, 2020",13.0,https://i.ebayimg.com/thumbs/images/g/VhUAAOSwnbZfqu6e/s-l225.webp
Canon EOS M50 Mirrorless Digital Camera with 15-45mm Lens - Black!,Pre-Owned 路 Mirrorless Interchangeable Lens 路 Canon EOS,9890371.83,"Nov 17, 2020",N/A,https://i.ebayimg.com/thumbs/images/g/zGQAAOSwTtVfs9TM/s-l225.webp
CANON EOS M50 MIRRORLESS DSLR CAMERA 15-45mm LENS,Pre-Owned 路 Canon EOS M 路 Digital SLR,7042253.52,"Nov 16, 2020",N/A,https://i.ebayimg.com/thumbs/images/g/4uAAAOSwwDlfqa4V/s-l225.webp
Canon M50 Camera + EF-M15-45 Lens + 3 battery + 2 Chargers + Excellent Condition,Pre-Owned 路 Digital SLR,10298422.54,"Nov 16, 2020",32.0,https://i.ebayimg.com/thumbs/images/g/PLUAAOSwJZ5fpZ-s/s-l225.webp
Canon EOS M50 24.1MP Mirrorless Digital Camera with 15-45mm STM Lens - Black,Open Box 路 Canon EOS M 路 Mirrorless Interchangeable Lens,7309859.15,"Nov 16, 2020",19.0,https://i.ebayimg.com/thumbs/images/g/C80AAOSwkTFfqYvv/s-l225.webp
Canon EOS M50 24.1MP Mirrorless Digital Camera with 15-45mm STM Lens - Black,Pre-Owned 路 Canon EOS M 路 Mirrorless Interchangeable Lens,6830985.92,"Nov 16, 2020",11.0,https://i.ebayimg.com/thumbs/images/g/XlcAAOSwluVfqWTL/s-l225.webp
Canon EOS M50 + Video Creator Kit,Open Box 路 Canon EOS M 路 Mirrorless Interchangeable Lens,8436619.72,"Nov 15, 2020",N/A,https://i.ebayimg.com/thumbs/images/g/9a4AAOSwpqJfryLN/s-l225.webp
Canon EOS M50 + Video Creator Kit,Open Box 路 Canon EOS M 路 Mirrorless Interchangeable Lens,8436619.72,"Nov 15, 2020",N/A,https://i.ebayimg.com/thumbs/images/g/9a4AAOSwpqJfryLN/s-l225.webp
Canon EOS M50 24.1MP Mirrorless Digital Camera with 15-45mm STM Lens - Black,Open Box 路 Canon EOS M 路 Mirrorless Interchangeable Lens,7028169.01,"Nov 15, 2020",N/A,https://i.ebayimg.com/thumbs/images/g/Q4IAAOSwaPFfsVZO/s-l225.webp
Canon EOS M50,Brand New 路 Digital SLR,9229718.31,"Nov 15, 2020",N/A,https://i.ebayimg.com/thumbs/images/g/TNEAAOSwU~BfbJJJ/s-l225.webp
Canon EOS M50 24.1MP Mirrorless Digital Camera with 15-45mm STM Lens - Open Box,Open Box 路 Canon EOS M 路 Mirrorless Interchangeable Lens,6971830.99,"Nov 15, 2020",20.0,https://i.ebayimg.com/thumbs/images/g/h8AAAOSwEflfqEhg/s-l225.webp
canon eos m50 mirrorless digital camera,Pre-Owned 路 Canon EOS M 路 Mirrorless Interchangeable Lens,7183098.59,"Nov 15, 2020",24.0,https://i.ebayimg.com/thumbs/images/g/DDoAAOSw-rVfrW1y/s-l225.webp
Canon EOS M50 24.1MP Mirrorless Digital Camera Bundle w/ 15-45mm & 22mm Lenses,Pre-Owned 路 Canon EOS M 路 Mirrorless Interchangeable Lens,9295774.65,"Nov 15, 2020",9.0,https://i.ebayimg.com/thumbs/images/g/ZDwAAOSwgtBfqAx4/s-l225.webp
"Canon EOS 1100d DSLR Camera Bundle 10-18m, 50m & 18-55m With Charge And Cases ",Pre-Owned 路 Canon 路 Digital SLR,3808345.07,"Nov 14, 2020",N/A,https://i.ebayimg.com/thumbs/images/g/ejQAAOSwe~lfsHjy/s-l225.webp
Canon EOS M50 w/ EF M15-45 IS STM - 4K Video (Manufacturer Refurb) - 5 YR Wrnty,Includes 5-Year Canon Australia Warranty,8704788.73,"Nov 14, 2020",N/A,https://i.ebayimg.com/thumbs/images/g/r-EAAOSwCj9fXD0n/s-l225.webp
Canon EOS M50 Open Box,Open Box 路 Canon EOS M 路 Mirrorless Interchangeable Lens,7183098.59,"Nov 13, 2020",14.0,https://i.ebayimg.com/thumbs/images/g/-wwAAOSw4A1fpgDf/s-l225.webp
Canon EOS M50 Set,Pre-Owned 路 Canon,10564014.08,"Nov 13, 2020",18.0,https://i.ebayimg.com/thumbs/images/g/hWwAAOSwxKBfo~wo/s-l225.webp
E0S M50 ''HOT SALE'' OPEN BOX Mirrorless Camera Original Box with Manual & Doc,Open Box 路 Canon EOS M 路 Mirrorless Interchangeable Lens,7323943.66,"Nov 13, 2020",N/A,https://i.ebayimg.com/thumbs/images/g/RHAAAOSw9TRfpJvC/s-l225.webp
Canon M50 Vlogging Kit ,Pre-Owned 路 Digital SLR,12144366.2,"Nov 13, 2020",N/A,https://i.ebayimg.com/thumbs/images/g/Bu4AAOSw2CBfp~3M/s-l225.webp
Canon EOS M50 24.1MP Mirrorless Digital Camera with 15-45mm STM Lens - Black,Pre-Owned 路 Canon EOS M 路 Mirrorless Interchangeable Lens,6901408.45,"Nov 12, 2020",17.0,https://i.ebayimg.com/thumbs/images/g/gg0AAOSwlI1fnBu2/s-l225.webp
E0S M50 ''HOT SALE'' OPEN BOX Mirrorless Camera Original Box with Manual & Doc,Open Box 路 Canon EOS M 路 Mirrorless Interchangeable Lens,7323943.66,"Nov 12, 2020",22.0,https://i.ebayimg.com/thumbs/images/g/RHAAAOSw9TRfpJvC/s-l225.webp
Canon EOS M50 24.1 MP Mirrorless Camera - White Bundle w/ EF-M 15-45mm IS Lens,Open Box 路 Canon EOS 路 Mirrorless Interchangeable Lens,7394225.35,"Nov 12, 2020",N/A,https://i.ebayimg.com/thumbs/images/g/ZRcAAOSwf9RfrGp5/s-l225.webp
Canon M50 white - NEW- EF-M15-45mm + EF-M22mm lenses  - 2x Canon batteries,New (Other) 路 Mirrorless Interchangeable Lens,13018760.56,"Nov 12, 2020",N/A,https://i.ebayimg.com/thumbs/images/g/lIUAAOSwmFNfqTvL/s-l225.webp
